Date,ETF_ID,Action,Price,Shares,Cash Before,Cash After,Portfolio Value,Action Value,Currently Held
2023-08-07,0,BUY,441.647,19,10000.0,1524.794,9916.09,0.8296328,19.0
2023-08-07,1,BUY,91.297,14,1524.794,233.854,9903.3,0.83856344,14.0
2023-08-07,2,BUY,22.133,5,233.854,122.082,9902.2,0.46048483,5.0
2023-08-07,3,HOLD,179.78,0,122.082,122.082,9902.2,0.21199463,0.0
2023-08-08,0,BUY,439.726,0,122.082,122.082,9868.6,0.661576,19.0
2023-08-08,1,BUY,91.514,1,122.082,29.653,9867.69,0.737805,15.0
2023-08-08,2,SELL_FAILED,22.106,0,29.653,29.653,9867.69,-0.34457856,5.0
2023-08-08,3,SELL_FAILED,178.64,0,29.653,29.653,9867.69,-0.4075653,0.0
2023-08-09,0,SELL_FAILED,436.787,0,29.653,29.653,9813.6,-0.7802668,19.0
2023-08-09,1,HOLD,91.58,0,29.653,29.653,9813.6,0.16234882,15.0
2023-08-09,2,SELL,22.259,1,29.653,51.689,9813.38,-0.98897225,4.0
2023-08-09,3,SELL_FAILED,177.79,0,51.689,51.689,9813.38,-0.9863955,0.0
2023-08-10,0,SELL_FAILED,436.944,0,51.689,51.689,9806.97,-0.3540839,19.0
2023-08-10,1,BUY,90.985,0,51.689,51.689,9806.97,0.43189466,15.0
2023-08-10,2,SELL,22.142,2,51.689,95.53,9806.52,-0.9584359,2.0
2023-08-10,3,SELL_FAILED,177.6,0,95.53,95.53,9806.52,-0.9544542,0.0
2023-08-11,0,BUY,436.689,0,95.53,95.53,9797.36,0.548534,19.0
2023-08-11,1,BUY,90.702,1,95.53,3.921,9796.46,0.7223424,16.0
2023-08-11,2,SELL_FAILED,22.106,0,3.921,3.921,9796.46,-0.5540589,2.0
2023-08-11,3,SELL_FAILED,177.6,0,3.921,3.921,9796.46,-0.6099475,0.0
2023-08-14,0,SELL_FAILED,439.099,0,3.921,3.921,9840.97,-0.884338,19.0
2023-08-14,1,HOLD,90.636,0,3.921,3.921,9840.97,0.036890313,16.0
2023-08-14,2,SELL_FAILED,21.997,0,3.921,3.921,9840.97,-0.98992664,2.0
2023-08-14,3,SELL_FAILED,177.06,0,3.921,3.921,9840.97,-0.99168307,0.0
2023-08-15,0,SELL_FAILED,433.984,0,3.921,3.921,9739.33,-0.8841774,19.0
2023-08-15,1,HOLD,90.39,0,3.921,3.921,9739.33,0.037691597,16.0
2023-08-15,2,SELL_FAILED,21.735,0,3.921,3.921,9739.33,-0.98992175,2.0
2023-08-15,3,SELL_FAILED,176.59,0,3.921,3.921,9739.33,-0.9916782,0.0
2023-08-16,0,SELL_FAILED,430.8,0,3.921,3.921,9675.18,-0.88440764,19.0
2023-08-16,1,HOLD,90.173,0,3.921,3.921,9675.18,0.03714049,16.0
2023-08-16,2,SELL_FAILED,21.644,0,3.921,3.921,9675.18,-0.98992157,2.0
2023-08-16,3,SELL_FAILED,175.57,0,3.921,3.921,9675.18,-0.9916866,0.0
2023-08-17,0,SELL_FAILED,427.517,0,3.921,3.921,9611.4,-0.8843734,19.0
2023-08-17,1,HOLD,90.079,0,3.921,3.921,9611.4,0.037292596,16.0
2023-08-17,2,SELL_FAILED,21.698,0,3.921,3.921,9611.4,-0.989918,2.0
2023-08-17,3,SELL_FAILED,175.3,0,3.921,3.921,9611.4,-0.9916877,0.0
2023-08-18,0,SELL_FAILED,427.723,0,3.921,3.921,9618.79,-0.88419765,19.0
2023-08-18,1,HOLD,90.277,0,3.921,3.921,9618.79,0.03966471,16.0
2023-08-18,2,SELL_FAILED,21.852,0,3.921,3.921,9618.79,-0.9898834,2.0
2023-08-18,3,SELL_FAILED,175.33,0,3.921,3.921,9618.79,-0.9916957,0.0
2023-08-21,0,SELL_FAILED,430.506,0,3.921,3.921,9664.31,-0.8843985,19.0
2023-08-21,1,HOLD,89.824,0,3.921,3.921,9664.31,0.036464177,16.0
2023-08-21,2,SELL_FAILED,21.798,0,3.921,3.921,9664.31,-0.9899355,2.0
2023-08-21,3,SELL_FAILED,175.81,0,3.921,3.921,9664.31,-0.99168086,0.0
2023-08-22,0,SELL_FAILED,429.34,0,3.921,3.921,9643.68,-0.8842112,19.0
2023-08-22,1,HOLD,89.918,0,3.921,3.921,9643.68,0.037010342,16.0
2023-08-22,2,SELL_FAILED,21.807,0,3.921,3.921,9643.68,-0.9899305,2.0
2023-08-22,3,SELL_FAILED,176.1,0,3.921,3.921,9643.68,-0.9916757,0.0
2023-08-23,0,SELL_FAILED,434.122,0,3.921,3.921,9748.38,-0.88437426,19.0
2023-08-23,1,HOLD,90.777,0,3.921,3.921,9748.38,0.037705403,16.0
2023-08-23,2,SELL_FAILED,21.852,0,3.921,3.921,9748.38,-0.9899109,2.0
2023-08-23,3,SELL_FAILED,177.89,0,3.921,3.921,9748.38,-0.9916938,0.0
2023-08-24,0,SELL_FAILED,428.105,0,3.921,3.921,9630.78,-0.8841914,19.0
2023-08-24,1,HOLD,90.57,0,3.921,3.921,9630.78,0.03881984,16.0
2023-08-24,2,SELL_FAILED,21.87,0,3.921,3.921,9630.78,-0.9899012,2.0
2023-08-24,3,SELL_FAILED,177.85,0,3.921,3.921,9630.78,-0.99168795,0.0
2023-08-25,0,SELL_FAILED,431.123,0,3.921,3.921,9687.64,-0.8843524,19.0
2023-08-25,1,HOLD,90.513,0,3.921,3.921,9687.64,0.037495356,16.0
2023-08-25,2,SELL_FAILED,22.087,0,3.921,3.921,9687.64,-0.9899163,2.0
2023-08-25,3,SELL_FAILED,177.62,0,3.921,3.921,9687.64,-0.9916876,0.0
2023-08-28,0,SELL_FAILED,433.857,0,3.921,3.921,9742.68,-0.88429093,19.0
2023-08-28,1,HOLD,90.711,0,3.921,3.921,9742.68,0.03782757,16.0
2023-08-28,2,SELL_FAILED,22.051,0,3.921,3.921,9742.68,-0.9899099,2.0
2023-08-28,3,SELL_FAILED,178.13,0,3.921,3.921,9742.68,-0.9916902,0.0
2023-08-29,0,SELL_FAILED,440.128,0,3.921,3.921,9871.37,-0.88416547,19.0
2023-08-29,1,HOLD,91.297,0,3.921,3.921,9871.37,0.03814507,16.0
2023-08-29,2,SELL_FAILED,22.133,0,3.921,3.921,9871.37,-0.9899161,2.0
2023-08-29,3,SELL_FAILED,179.87,0,3.921,3.921,9871.37,-0.99167895,0.0
2023-08-30,0,SELL_FAILED,441.941,0,3.921,3.921,9905.26,-0.88432753,19.0
2023-08-30,1,HOLD,91.259,0,3.921,3.921,9905.26,0.037188344,16.0
2023-08-30,2,SELL_FAILED,22.16,0,3.921,3.921,9905.26,-0.9899242,2.0
2023-08-30,3,SELL_FAILED,180.32,0,3.921,3.921,9905.26,-0.9916807,0.0
2023-08-31,0,SELL_FAILED,441.294,0,3.921,3.921,9895.26,-0.8842,19.0
2023-08-31,1,HOLD,91.391,0,3.921,3.921,9895.26,0.038405906,16.0
2023-08-31,2,SELL_FAILED,22.25,0,3.921,3.921,9895.26,-0.98990446,2.0
2023-08-31,3,SELL_FAILED,180.02,0,3.921,3.921,9895.26,-0.99168724,0.0
2023-09-01,0,SELL_FAILED,442.117,0,3.921,3.921,9903.86,-0.8844454,19.0
2023-09-01,1,HOLD,90.918,0,3.921,3.921,9903.86,0.036016777,16.0
2023-09-01,2,SELL_FAILED,22.513,0,3.921,3.921,9903.86,-0.9899414,2.0
2023-09-01,3,SELL_FAILED,180.11,0,3.921,3.921,9903.86,-0.991679,0.0
2023-09-05,0,SELL_FAILED,440.207,0,3.921,3.921,9859.9,-0.884455,19.0
2023-09-05,1,HOLD,90.425,0,3.921,3.921,9859.9,0.03745265,16.0
2023-09-05,2,SELL_FAILED,22.621,0,3.921,3.921,9859.9,-0.9899108,2.0
2023-09-05,3,SELL_FAILED,178.64,0,3.921,3.921,9859.9,-0.9916951,0.0
2023-09-06,0,SELL_FAILED,437.247,0,3.921,3.921,9802.41,-0.884227,19.0
2023-09-06,1,HOLD,90.34,0,3.921,3.921,9802.41,0.037572674,16.0
2023-09-06,2,SELL_FAILED,22.676,0,3.921,3.921,9802.41,-0.98992133,2.0
2023-09-06,3,SELL_FAILED,177.83,0,3.921,3.921,9802.41,-0.9916801,0.0
2023-09-07,0,SELL_FAILED,435.905,0,3.921,3.921,9781.36,-0.8841742,19.0
2023-09-07,1,HOLD,90.624,0,3.921,3.921,9781.36,0.03867834,16.0
2023-09-07,2,SELL_FAILED,22.63,0,3.921,3.921,9781.36,-0.98990196,2.0
2023-09-07,3,SELL_FAILED,178.02,0,3.921,3.921,9781.36,-0.9916869,0.0
2023-09-08,0,SELL_FAILED,436.561,0,3.921,3.921,9794.67,-0.8843605,19.0
2023-09-08,1,HOLD,90.671,0,3.921,3.921,9794.67,0.036301255,16.0
2023-09-08,2,SELL_FAILED,22.676,0,3.921,3.921,9794.67,-0.9899413,2.0
2023-09-08,3,SELL_FAILED,178.08,0,3.921,3.921,9794.67,-0.9916747,0.0
2023-09-11,0,SELL_FAILED,439.433,0,3.921,3.921,9847.84,-0.8843069,19.0
2023-09-11,1,HOLD,90.567,0,3.921,3.921,9847.84,0.037968062,16.0
2023-09-11,2,SELL_FAILED,22.811,0,3.921,3.921,9847.84,-0.98991024,2.0
2023-09-11,3,SELL_FAILED,178.41,0,3.921,3.921,9847.84,-0.99168867,0.0
2023-09-12,0,SELL_FAILED,437.022,0,3.921,3.921,9802.66,-0.88435704,19.0
2023-09-12,1,HOLD,90.596,0,3.921,3.921,9802.66,0.03859877,16.0
2023-09-12,2,SELL_FAILED,22.893,0,3.921,3.921,9802.66,-0.9898941,2.0
2023-09-12,3,SELL_FAILED,177.49,0,3.921,3.921,9802.66,-0.9916983,0.0
2023-09-13,0,SELL_FAILED,437.532,0,3.921,3.921,9814.61,-0.88439196,19.0
2023-09-13,1,HOLD,90.728,0,3.921,3.921,9814.61,0.0373009,16.0
2023-09-13,2,SELL_FAILED,22.965,0,3.921,3.921,9814.61,-0.9899186,2.0
2023-09-13,3,SELL_FAILED,177.08,0,3.921,3.921,9814.61,-0.99168754,0.0
2023-09-14,0,SELL_FAILED,441.304,0,3.921,3.921,9884.69,-0.88429075,19.0
2023-09-14,1,HOLD,90.605,0,3.921,3.921,9884.69,0.037150934,16.0
2023-09-14,2,SELL_FAILED,23.155,0,3.921,3.921,9884.69,-0.9899274,2.0
2023-09-14,3,SELL_FAILED,177.17,0,3.921,3.921,9884.69,-0.9916781,0.0
2023-09-15,0,SELL_FAILED,435.987,0,3.921,3.921,9780.23,-0.88431525,19.0
2023-09-15,1,HOLD,90.397,0,3.921,3.921,9780.23,0.037179448,16.0
2023-09-15,2,SELL_FAILED,23.101,0,3.921,3.921,9780.23,-0.9899245,2.0
2023-09-15,3,SELL_FAILED,178.34,0,3.921,3.921,9780.23,-0.99168324,0.0
2023-09-18,0,SELL_FAILED,436.243,0,3.921,3.921,9787.19,-0.8843421,19.0
2023-09-18,1,HOLD,90.529,0,3.921,3.921,9787.19,0.037252836,16.0
2023-09-18,2,SELL_FAILED,23.092,0,3.921,3.921,9787.19,-0.98992264,2.0
2023-09-18,3,SELL_FAILED,179.39,0,3.921,3.921,9787.19,-0.99168426,0.0
2023-09-19,0,SELL_FAILED,435.338,0,3.921,3.921,9765.79,-0.8843288,19.0
2023-09-19,1,HOLD,90.264,0,3.921,3.921,9765.79,0.037475597,16.0
2023-09-19,2,SELL_FAILED,23.11,0,3.921,3.921,9765.79,-0.98991764,2.0
2023-09-19,3,SELL_FAILED,179.22,0,3.921,3.921,9765.79,-0.9916867,0.0
2023-09-20,0,SELL_FAILED,431.336,0,3.921,3.921,9688.62,-0.8843003,19.0
2023-09-20,1,HOLD,90.217,0,3.921,3.921,9688.62,0.03746854,16.0
2023-09-20,2,SELL_FAILED,22.92,0,3.921,3.921,9688.62,-0.98992103,2.0
2023-09-20,3,SELL_FAILED,179.35,0,3.921,3.921,9688.62,-0.9916825,0.0
2023-09-21,0,SELL_FAILED,424.207,0,3.921,3.921,9543.18,-0.8842439,19.0
2023-09-21,1,HOLD,89.602,0,3.921,3.921,9543.18,0.037394855,16.0
2023-09-21,2,SELL_FAILED,22.848,0,3.921,3.921,9543.18,-0.9899212,2.0
2023-09-21,3,SELL_FAILED,178.05,0,3.921,3.921,9543.18,-0.9916826,0.0
2023-09-22,0,SELL_FAILED,423.253,0,3.921,3.921,9531.14,-0.8843193,19.0
2023-09-22,1,HOLD,89.98,0,3.921,3.921,9531.14,0.036618706,16.0
2023-09-22,2,SELL_FAILED,22.866,0,3.921,3.921,9531.14,-0.9899329,2.0
2023-09-22,3,SELL_FAILED,178.62,0,3.921,3.921,9531.14,-0.9916789,0.0
2023-09-25,0,SELL_FAILED,425.033,0,3.921,3.921,9553.38,-0.88428867,19.0
2023-09-25,1,HOLD,89.27,0,3.921,3.921,9553.38,0.03758309,16.0
2023-09-25,2,SELL_FAILED,22.757,0,3.921,3.921,9553.38,-0.9899182,2.0
2023-09-25,3,SELL_FAILED,177.7,0,3.921,3.921,9553.38,-0.99168426,0.0
2023-09-26,0,SELL_FAILED,418.788,0,3.921,3.921,9432.86,-0.884277,19.0
2023-09-26,1,HOLD,89.157,0,3.921,3.921,9432.86,0.03785426,16.0
2023-09-26,2,SELL_FAILED,22.73,0,3.921,3.921,9432.86,-0.9899149,2.0
2023-09-26,3,SELL_FAILED,176.28,0,3.921,3.921,9432.86,-0.99168473,0.0
2023-09-27,0,SELL_FAILED,418.956,0,3.921,3.921,9431.3,-0.8842992,19.0
2023-09-27,1,HOLD,88.844,0,3.921,3.921,9431.3,0.0373348,16.0
2023-09-27,2,SELL_FAILED,22.857,0,3.921,3.921,9431.3,-0.98992276,2.0
2023-09-27,3,SELL_FAILED,174.1,0,3.921,3.921,9431.3,-0.9916828,0.0
2023-09-28,0,SELL_FAILED,421.384,0,3.921,3.921,9481.62,-0.8842834,19.0
2023-09-28,1,HOLD,89.109,0,3.921,3.921,9481.62,0.03794714,16.0
2023-09-28,2,SELL_FAILED,22.829,0,3.921,3.921,9481.62,-0.9899094,2.0
2023-09-28,3,SELL_FAILED,173.23,0,3.921,3.921,9481.62,-0.99168926,0.0
2023-09-29,0,SELL_FAILED,420.362,0,3.921,3.921,9460.35,-0.8842435,19.0
2023-09-29,1,HOLD,89.024,0,3.921,3.921,9460.35,0.038580377,16.0
2023-09-29,2,SELL_FAILED,22.585,0,3.921,3.921,9460.35,-0.98989934,2.0
2023-09-29,3,SELL_FAILED,171.45,0,3.921,3.921,9460.35,-0.9916915,0.0
2023-10-02,0,SELL_FAILED,420.195,0,3.921,3.921,9446.92,-0.8842622,19.0
2023-10-02,1,HOLD,88.404,0,3.921,3.921,9446.92,0.03883302,16.0
2023-10-02,2,SELL_FAILED,22.413,0,3.921,3.921,9446.92,-0.98989314,2.0
2023-10-02,3,SELL_FAILED,169.65,0,3.921,3.921,9446.92,-0.9916944,0.0
2023-10-03,0,SELL_FAILED,414.57,0,3.921,3.921,9328.76,-0.88429934,19.0
2023-10-03,1,HOLD,87.711,0,3.921,3.921,9328.76,0.037754744,16.0
2023-10-03,2,SELL_FAILED,22.314,0,3.921,3.921,9328.76,-0.98991686,2.0
2023-10-03,3,SELL_FAILED,169.16,0,3.921,3.921,9328.76,-0.9916838,0.0
2023-10-04,0,SELL_FAILED,417.589,0,3.921,3.921,9394.74,-0.8844553,19.0
2023-10-04,1,HOLD,88.328,0,3.921,3.921,9394.74,0.036357924,16.0
2023-10-04,2,SELL_FAILED,21.689,0,3.921,3.921,9394.74,-0.9899335,2.0
2023-10-04,3,SELL_FAILED,169.14,0,3.921,3.921,9394.74,-0.9916843,0.0
2023-10-05,0,SELL_FAILED,417.431,0,3.921,3.921,9392.4,-0.8842741,19.0
2023-10-05,1,HOLD,88.385,0,3.921,3.921,9392.4,0.038551006,16.0
2023-10-05,2,SELL_FAILED,21.563,0,3.921,3.921,9392.4,-0.9898996,2.0
2023-10-05,3,SELL_FAILED,168.83,0,3.921,3.921,9392.4,-0.99169356,0.0
2023-10-06,0,SELL_FAILED,422.387,0,3.921,3.921,9481.27,-0.88446003,19.0
2023-10-06,1,HOLD,88.044,0,3.921,3.921,9481.27,0.037206262,16.0
2023-10-06,2,SELL_FAILED,21.644,0,3.921,3.921,9481.27,-0.98991686,2.0
2023-10-06,3,SELL_FAILED,169.7,0,3.921,3.921,9481.27,-0.9916923,0.0
2023-10-09,0,SELL_FAILED,425.092,0,3.921,3.921,9548.14,-0.8843881,19.0
2023-10-09,1,HOLD,88.955,0,3.921,3.921,9548.14,0.03759782,16.0
2023-10-09,2,SELL_FAILED,22.097,0,3.921,3.921,9548.14,-0.9899153,2.0
2023-10-09,3,SELL_FAILED,172.82,0,3.921,3.921,9548.14,-0.9916889,0.0
2023-10-10,0,SELL_FAILED,427.304,0,3.921,3.921,9588.7,-0.88425267,19.0
2023-10-10,1,HOLD,88.87,0,3.921,3.921,9588.7,0.03775296,16.0
2023-10-10,2,SELL_FAILED,22.042,0,3.921,3.921,9588.7,-0.9899152,2.0
2023-10-10,3,SELL_FAILED,172.53,0,3.921,3.921,9588.7,-0.9916853,0.0
2023-10-11,0,SELL_FAILED,429.055,0,3.921,3.921,9628.25,-0.88414764,19.0
2023-10-11,1,HOLD,89.278,0,3.921,3.921,9628.25,0.03883284,16.0
2023-10-11,2,SELL_FAILED,21.916,0,3.921,3.921,9628.25,-0.98990077,2.0
2023-10-11,3,SELL_FAILED,173.79,0,3.921,3.921,9628.25,-0.99168676,0.0
2023-10-12,0,SELL_FAILED,426.439,0,3.921,3.921,9566.22,-0.8843457,19.0
2023-10-12,1,HOLD,88.509,0,3.921,3.921,9566.22,0.037562855,16.0
2023-10-12,2,SELL_FAILED,21.907,0,3.921,3.921,9566.22,-0.9899161,2.0
2023-10-12,3,SELL_FAILED,173.26,0,3.921,3.921,9566.22,-0.9916878,0.0
2023-10-13,0,SELL_FAILED,424.315,0,3.921,3.921,9533.1,-0.8843968,19.0
2023-10-13,1,HOLD,88.889,0,3.921,3.921,9533.1,0.03612848,16.0
2023-10-13,2,SELL_FAILED,22.486,0,3.921,3.921,9533.1,-0.9899424,2.0
2023-10-13,3,SELL_FAILED,178.83,0,3.921,3.921,9533.1,-0.99167734,0.0
2023-10-16,0,SELL_FAILED,428.779,0,3.921,3.921,9609.87,-0.88426065,19.0
2023-10-16,1,HOLD,88.395,0,3.921,3.921,9609.87,0.039189655,16.0
2023-10-16,2,SELL_FAILED,22.413,0,3.921,3.921,9609.87,-0.9898853,2.0
2023-10-16,3,SELL_FAILED,177.96,0,3.921,3.921,9609.87,-0.9917,0.0
2023-10-17,0,SELL_FAILED,428.759,0,3.921,3.921,9599.44,-0.884213,19.0
2023-10-17,1,HOLD,87.759,0,3.921,3.921,9599.44,0.037739627,16.0
2023-10-17,2,SELL_FAILED,22.477,0,3.921,3.921,9599.44,-0.9899163,2.0
2023-10-17,3,SELL_FAILED,178.29,0,3.921,3.921,9599.44,-0.9916821,0.0
2023-10-18,0,SELL_FAILED,423.046,0,3.921,3.921,9484.76,-0.88421965,19.0
2023-10-18,1,HOLD,87.351,0,3.921,3.921,9484.76,0.038014606,16.0
2023-10-18,2,SELL_FAILED,22.676,0,3.921,3.921,9484.76,-0.9899107,2.0
2023-10-18,3,SELL_FAILED,180.87,0,3.921,3.921,9484.76,-0.9916864,0.0
2023-10-19,0,SELL_FAILED,419.329,0,3.921,3.921,9409.3,-0.8842887,19.0
2023-10-19,1,HOLD,87.019,0,3.921,3.921,9409.3,0.03782373,16.0
2023-10-19,2,SELL_FAILED,22.911,0,3.921,3.921,9409.3,-0.9899137,2.0
2023-10-19,3,SELL_FAILED,183.09,0,3.921,3.921,9409.3,-0.9916866,0.0
2023-10-20,0,SELL_FAILED,414.176,0,3.921,3.921,9316.05,-0.884197,19.0
2023-10-20,1,HOLD,87.332,0,3.921,3.921,9316.05,0.038646024,16.0
2023-10-20,2,SELL_FAILED,22.739,0,3.921,3.921,9316.05,-0.98990387,2.0
2023-10-20,3,SELL_FAILED,183.59,0,3.921,3.921,9316.05,-0.99168545,0.0
2023-10-23,0,SELL_FAILED,413.459,0,3.921,3.921,9307.6,-0.88442194,19.0
2023-10-23,1,HOLD,87.673,0,3.921,3.921,9307.6,0.036931235,16.0
2023-10-23,2,SELL_FAILED,22.594,0,3.921,3.921,9307.6,-0.9899236,2.0
2023-10-23,3,SELL_FAILED,182.97,0,3.921,3.921,9307.6,-0.99168545,0.0
2023-10-24,0,SELL_FAILED,416.576,0,3.921,3.921,9371.36,-0.8844388,19.0
2023-10-24,1,HOLD,87.987,0,3.921,3.921,9371.36,0.037245188,16.0
2023-10-24,2,SELL_FAILED,22.35,0,3.921,3.921,9371.36,-0.9899151,2.0
2023-10-24,3,SELL_FAILED,182.95,0,3.921,3.921,9371.36,-0.99169225,0.0
2023-10-25,0,SELL_FAILED,410.597,0,3.921,3.921,9247.6,-0.8842713,19.0
2023-10-25,1,HOLD,87.332,0,3.921,3.921,9247.6,0.039206766,16.0
2023-10-25,2,SELL_FAILED,22.513,0,3.921,3.921,9247.6,-0.98988676,2.0
2023-10-25,3,SELL_FAILED,183.72,0,3.921,3.921,9247.6,-0.9916975,0.0
2023-10-26,0,SELL_FAILED,405.68,0,3.921,3.921,9163.21,-0.88429135,19.0
2023-10-26,1,HOLD,87.92,0,3.921,3.921,9163.21,0.03771216,16.0
2023-10-26,2,SELL_FAILED,22.323,0,3.921,3.921,9163.21,-0.9899168,2.0
2023-10-26,3,SELL_FAILED,184.01,0,3.921,3.921,9163.21,-0.9916843,0.0
2023-10-27,0,SELL_FAILED,403.841,0,3.921,3.921,9128.41,-0.88433653,19.0
2023-10-27,1,HOLD,87.892,0,3.921,3.921,9128.41,0.03793872,16.0
2023-10-27,2,SELL_FAILED,22.621,0,3.921,3.921,9128.41,-0.9899086,2.0
2023-10-27,3,SELL_FAILED,186.15,0,3.921,3.921,9128.41,-0.9916905,0.0
2023-10-30,0,SELL_FAILED,408.67,0,3.921,3.921,9216.1,-0.88445884,19.0
2023-10-30,1,HOLD,87.683,0,3.921,3.921,9216.1,0.03853589,16.0
2023-10-30,2,SELL_FAILED,22.259,0,3.921,3.921,9216.1,-0.98988956,2.0
2023-10-30,3,SELL_FAILED,185.1,0,3.921,3.921,9216.1,-0.99170345,0.0
2023-10-31,0,SELL_FAILED,411.236,0,3.921,3.921,9263.78,-0.8843488,19.0
2023-10-31,1,HOLD,87.626,0,3.921,3.921,9263.78,0.03742801,16.0
2023-10-31,2,SELL_FAILED,22.178,0,3.921,3.921,9263.78,-0.98991823,2.0
2023-10-31,3,SELL_FAILED,184.09,0,3.921,3.921,9263.78,-0.9916881,0.0
2023-11-01,0,SELL_FAILED,415.622,0,3.921,3.921,9362.67,-0.88438815,19.0
2023-11-01,1,HOLD,88.594,0,3.921,3.921,9362.67,0.036965374,16.0
2023-11-01,2,SELL_FAILED,22.214,0,3.921,3.921,9362.67,-0.9899254,2.0
2023-11-01,3,SELL_FAILED,183.51,0,3.921,3.921,9362.67,-0.9916846,0.0
2023-11-02,0,SELL_FAILED,423.587,0,3.921,3.921,9523.02,-0.8842908,19.0
2023-11-02,1,HOLD,89.128,0,3.921,3.921,9523.02,0.036359474,16.0
2023-11-02,2,SELL_FAILED,22.449,0,3.921,3.921,9523.02,-0.9899386,2.0
2023-11-02,3,SELL_FAILED,184.12,0,3.921,3.921,9523.02,-0.9916764,0.0
2023-11-03,0,SELL_FAILED,427.452,0,3.921,3.921,9604.89,-0.8843464,19.0
2023-11-03,1,HOLD,89.67,0,3.921,3.921,9604.89,0.038024604,16.0
2023-11-03,2,SELL_FAILED,22.332,0,3.921,3.921,9604.89,-0.98990524,2.0
2023-11-03,3,SELL_FAILED,184.79,0,3.921,3.921,9604.89,-0.99169296,0.0
2023-11-06,0,SELL_FAILED,428.435,0,3.921,3.921,9616.6,-0.88425374,19.0
2023-11-06,1,HOLD,89.223,0,3.921,3.921,9616.6,0.036951713,16.0
2023-11-06,2,SELL_FAILED,22.422,0,3.921,3.921,9616.6,-0.98992836,2.0
2023-11-06,3,SELL_FAILED,183.35,0,3.921,3.921,9616.6,-0.9916799,0.0
2023-11-07,0,SELL_FAILED,429.654,0,3.921,3.921,9646.42,-0.88430476,19.0
2023-11-07,1,HOLD,89.699,0,3.921,3.921,9646.42,0.037346434,16.0
2023-11-07,2,SELL_FAILED,21.943,0,3.921,3.921,9646.42,-0.98992056,2.0
2023-11-07,3,SELL_FAILED,182.59,0,3.921,3.921,9646.42,-0.9916833,0.0
2023-11-08,0,SELL_FAILED,429.969,0,3.921,3.921,9656.78,-0.8843046,19.0
2023-11-08,1,HOLD,90.003,0,3.921,3.921,9656.78,0.037080728,16.0
2023-11-08,2,SELL_FAILED,21.698,0,3.921,3.921,9656.78,-0.9899226,2.0
2023-11-08,3,SELL_FAILED,180.77,0,3.921,3.921,9656.78,-0.9916843,0.0
2023-11-09,0,SELL_FAILED,426.616,0,3.921,3.921,9580.93,-0.88438225,19.0
2023-11-09,1,HOLD,89.251,0,3.921,3.921,9580.93,0.035950076,16.0
2023-11-09,2,SELL_FAILED,21.644,0,3.921,3.921,9580.93,-0.9899399,2.0
2023-11-09,3,SELL_FAILED,181.49,0,3.921,3.921,9580.93,-0.9916796,0.0
2023-11-10,0,SELL_FAILED,433.273,0,3.921,3.921,9710.99,-0.88423216,19.0
2023-11-10,1,HOLD,89.461,0,3.921,3.921,9710.99,0.038276516,16.0
2023-11-10,2,SELL_FAILED,21.753,0,3.921,3.921,9710.99,-0.9899078,2.0
2023-11-10,3,SELL_FAILED,179.51,0,3.921,3.921,9710.99,-0.99168587,0.0
2023-11-13,0,SELL_FAILED,432.86,0,3.921,3.921,9703.62,-0.88443977,19.0
2023-11-13,1,HOLD,89.451,0,3.921,3.921,9703.62,0.03592847,16.0
2023-11-13,2,SELL_FAILED,22.069,0,3.921,3.921,9703.62,-0.989941,2.0
2023-11-13,3,SELL_FAILED,180.51,0,3.921,3.921,9703.62,-0.99167985,0.0
2023-11-14,0,SELL_FAILED,441.258,0,3.921,3.921,9881.09,-0.8841471,19.0
2023-11-14,1,HOLD,90.575,0,3.921,3.921,9881.09,0.038864177,16.0
2023-11-14,2,SELL_FAILED,22.033,0,3.921,3.921,9881.09,-0.98989767,2.0
2023-11-14,3,SELL_FAILED,182.12,0,3.921,3.921,9881.09,-0.9916908,0.0
2023-11-15,0,SELL_FAILED,442.192,0,3.921,3.921,9889.55,-0.8843814,19.0
2023-11-15,1,HOLD,90.013,0,3.921,3.921,9889.55,0.03821828,16.0
2023-11-15,2,SELL_FAILED,21.888,0,3.921,3.921,9889.55,-0.9898995,2.0
2023-11-15,3,SELL_FAILED,181.64,0,3.921,3.921,9889.55,-0.99169743,0.0
2023-11-16,0,SELL_FAILED,442.733,0,3.921,3.921,9906.7,-0.8843055,19.0
2023-11-16,1,HOLD,90.508,0,3.921,3.921,9906.7,0.03730242,16.0
2023-11-16,2,SELL_FAILED,21.364,0,3.921,3.921,9906.7,-0.98992425,2.0
2023-11-16,3,SELL_FAILED,183.69,0,3.921,3.921,9906.7,-0.9916819,0.0
2023-11-17,0,SELL_FAILED,443.284,0,3.921,3.921,9920.68,-0.88448215,19.0
2023-11-17,1,HOLD,90.689,0,3.921,3.921,9920.68,0.034746647,16.0
2023-11-17,2,SELL_FAILED,21.671,0,3.921,3.921,9920.68,-0.9899655,2.0
2023-11-17,3,SELL_FAILED,183.67,0,3.921,3.921,9920.68,-0.99166816,0.0
2023-11-20,0,SELL_FAILED,446.696,0,3.921,3.921,9988.34,-0.8843556,19.0
2023-11-20,1,HOLD,90.832,0,3.921,3.921,9988.34,0.037868638,16.0
2023-11-20,2,SELL_FAILED,21.943,0,3.921,3.921,9988.34,-0.9899069,2.0
2023-11-20,3,SELL_FAILED,183.37,0,3.921,3.921,9988.34,-0.9916947,0.0
2023-11-21,0,SELL_FAILED,445.722,0,3.921,3.921,9971.61,-0.88414663,19.0
2023-11-21,1,HOLD,90.927,0,3.921,3.921,9971.61,0.038421407,16.0
2023-11-21,2,SELL_FAILED,22.069,0,3.921,3.921,9971.61,-0.9899079,2.0
2023-11-21,3,SELL_FAILED,185.35,0,3.921,3.921,9971.61,-0.9916839,0.0
2023-11-22,0,SELL_FAILED,447.443,0,3.921,3.921,10005.3,-0.88435376,19.0
2023-11-22,1,HOLD,91.013,0,3.921,3.921,10005.3,0.037109893,16.0
2023-11-22,2,SELL_FAILED,21.879,0,3.921,3.921,10005.3,-0.98992294,2.0
2023-11-22,3,SELL_FAILED,184.56,0,3.921,3.921,10005.3,-0.9916852,0.0
2023-11-24,0,SELL_FAILED,447.718,0,3.921,3.921,10003.54,-0.88429314,19.0
2023-11-24,1,HOLD,90.594,0,3.921,3.921,10003.54,0.036250718,16.0
2023-11-24,2,SELL_FAILED,21.735,0,3.921,3.921,10003.54,-0.98994577,2.0
2023-11-24,3,SELL_FAILED,185.52,0,3.921,3.921,10003.54,-0.9916715,0.0
2023-11-27,0,SELL_FAILED,446.912,0,3.921,3.921,9996.16,-0.88430786,19.0
2023-11-27,1,HOLD,91.108,0,3.921,3.921,9996.16,0.038236015,16.0
2023-11-27,2,SELL_FAILED,21.59,0,3.921,3.921,9996.16,-0.9899053,2.0
2023-11-27,3,SELL_FAILED,186.77,0,3.921,3.921,9996.16,-0.9916913,0.0
2023-11-28,0,SELL_FAILED,447.355,0,3.921,3.921,10011.5,-0.88437134,19.0
2023-11-28,1,HOLD,91.508,0,3.921,3.921,10011.5,0.036167856,16.0
2023-11-28,2,SELL_FAILED,21.852,0,3.921,3.921,10011.5,-0.9899377,2.0
2023-11-28,3,SELL_FAILED,189.26,0,3.921,3.921,10011.5,-0.9916796,0.0
2023-11-29,0,SELL_FAILED,447.04,0,3.921,3.921,10012.97,-0.884199,19.0
2023-11-29,1,HOLD,91.955,0,3.921,3.921,10012.97,0.038020916,16.0
2023-11-29,2,SELL_FAILED,22.006,0,3.921,3.921,10012.97,-0.9899134,2.0
2023-11-29,3,SELL_FAILED,189.54,0,3.921,3.921,10012.97,-0.9916833,0.0
2023-11-30,0,SELL_FAILED,448.8,0,3.921,3.921,10040.81,-0.88417846,19.0
2023-11-30,1,HOLD,91.651,0,3.921,3.921,10040.81,0.038426824,16.0
2023-11-30,2,SELL_FAILED,21.635,0,3.921,3.921,10040.81,-0.9899054,2.0
2023-11-30,3,SELL_FAILED,188.75,0,3.921,3.921,10040.81,-0.9916871,0.0
2023-12-01,0,SELL_FAILED,451.455,0,3.921,3.921,10103.93,-0.8843072,19.0
2023-12-01,1,HOLD,92.456,0,3.921,3.921,10103.93,0.037962705,16.0
2023-12-01,2,SELL_FAILED,21.536,0,3.921,3.921,10103.93,-0.9899075,2.0
2023-12-01,3,SELL_FAILED,192.01,0,3.921,3.921,10103.93,-0.99169064,0.0
2023-12-04,0,SELL_FAILED,449.085,0,3.921,3.921,10052.97,-0.88426214,19.0
2023-12-04,1,HOLD,92.103,0,3.921,3.921,10052.97,0.039264437,16.0
2023-12-04,2,SELL_FAILED,21.391,0,3.921,3.921,10052.97,-0.98988414,2.0
2023-12-04,3,SELL_FAILED,187.86,0,3.921,3.921,10052.97,-0.99169856,0.0
2023-12-05,0,SELL_FAILED,448.997,0,3.921,3.921,10060.69,-0.88432,19.0
2023-12-05,1,HOLD,92.714,0,3.921,3.921,10060.69,0.037850425,16.0
2023-12-05,2,SELL_FAILED,21.201,0,3.921,3.921,10060.69,-0.98990947,2.0
2023-12-05,3,SELL_FAILED,187.15,0,3.921,3.921,10060.69,-0.99169105,0.0
2023-12-06,0,SELL_FAILED,447.187,0,3.921,3.921,10029.09,-0.88439417,19.0
2023-12-06,1,HOLD,92.953,0,3.921,3.921,10029.09,0.037095252,16.0
2023-12-06,2,SELL_FAILED,20.685,0,3.921,3.921,10029.09,-0.98992246,2.0
2023-12-06,3,SELL_FAILED,187.84,0,3.921,3.921,10029.09,-0.9916868,0.0
2023-12-07,0,SELL_FAILED,450.6,0,3.921,3.921,10094.47,-0.8843818,19.0
2023-12-07,1,HOLD,92.982,0,3.921,3.921,10094.47,0.037045937,16.0
2023-12-07,2,SELL_FAILED,20.721,0,3.921,3.921,10094.47,-0.98991865,2.0
2023-12-07,3,SELL_FAILED,188.15,0,3.921,3.921,10094.47,-0.9916899,0.0
2023-12-08,0,SELL_FAILED,452.537,0,3.921,3.921,10123.97,-0.88436085,19.0
2023-12-08,1,HOLD,92.514,0,3.921,3.921,10123.97,0.0385816,16.0
2023-12-08,2,SELL_FAILED,20.812,0,3.921,3.921,10123.97,-0.9898946,2.0
2023-12-08,3,SELL_FAILED,185.64,0,3.921,3.921,10123.97,-0.991697,0.0
2023-12-11,0,SELL_FAILED,454.297,0,3.921,3.921,10157.41,-0.8843508,19.0
2023-12-11,1,HOLD,92.523,0,3.921,3.921,10157.41,0.038860723,16.0
2023-12-11,2,SELL_FAILED,20.739,0,3.921,3.921,10157.41,-0.98988867,2.0
2023-12-11,3,SELL_FAILED,183.59,0,3.921,3.921,10157.41,-0.9917,0.0
2023-12-12,0,SELL_FAILED,456.372,0,3.921,3.921,10200.64,-0.88457876,19.0
2023-12-12,1,HOLD,92.8,0,3.921,3.921,10200.64,0.03574057,16.0
2023-12-12,2,SELL_FAILED,20.423,0,3.921,3.921,10200.64,-0.98994124,2.0
2023-12-12,3,SELL_FAILED,183.49,0,3.921,3.921,10200.64,-0.99168414,0.0
2023-12-13,0,SELL_FAILED,462.665,0,3.921,3.921,10339.31,-0.8844372,19.0
2023-12-13,1,HOLD,93.965,0,3.921,3.921,10339.31,0.037054777,16.0
2023-12-13,2,SELL_FAILED,20.658,0,3.921,3.921,10339.31,-0.9899219,2.0
2023-12-13,3,SELL_FAILED,187.63,0,3.921,3.921,10339.31,-0.9916895,0.0
2023-12-14,0,SELL_FAILED,464.15,0,3.921,3.921,10380.36,-0.8843327,19.0
2023-12-14,1,HOLD,94.724,0,3.921,3.921,10380.36,0.036247533,16.0
2023-12-14,2,SELL_FAILED,21.002,0,3.921,3.921,10380.36,-0.98993766,2.0
2023-12-14,3,SELL_FAILED,188.73,0,3.921,3.921,10380.36,-0.9916802,0.0
2023-12-15,0,SELL_FAILED,463.386,0,3.921,3.921,10362.38,-0.884249,19.0
2023-12-15,1,HOLD,94.503,0,3.921,3.921,10362.38,0.03777802,16.0
2023-12-15,2,SELL_FAILED,21.038,0,3.921,3.921,10362.38,-0.98991674,2.0
2023-12-15,3,SELL_FAILED,187.0,0,3.921,3.921,10362.38,-0.9916833,0.0
2023-12-18,0,SELL_FAILED,465.993,0,3.921,3.921,10409.16,-0.88443786,19.0
2023-12-18,1,HOLD,94.312,0,3.921,3.921,10409.16,0.036398225,16.0
2023-12-18,2,SELL_FAILED,21.189,0,3.921,3.921,10409.16,-0.9899327,2.0
2023-12-18,3,SELL_FAILED,187.85,0,3.921,3.921,10409.16,-0.99168414,0.0
2023-12-19,0,SELL_FAILED,468.826,0,3.921,3.921,10465.15,-0.88433206,19.0
2023-12-19,1,HOLD,94.427,0,3.921,3.921,10465.15,0.03694311,16.0
2023-12-19,2,SELL_FAILED,21.35,0,3.921,3.921,10465.15,-0.98992956,2.0
2023-12-19,3,SELL_FAILED,189.13,0,3.921,3.921,10465.15,-0.9916813,0.0
2023-12-20,0,SELL_FAILED,462.33,0,3.921,3.921,10346.73,-0.8843817,19.0
2023-12-20,1,HOLD,94.771,0,3.921,3.921,10346.73,0.037197422,16.0
2023-12-20,2,SELL_FAILED,21.103,0,3.921,3.921,10346.73,-0.9899168,2.0
2023-12-20,3,SELL_FAILED,188.1,0,3.921,3.921,10346.73,-0.99169296,0.0
2023-12-21,0,SELL_FAILED,466.713,0,3.921,3.921,10429.94,-0.88419384,19.0
2023-12-21,1,HOLD,94.762,0,3.921,3.921,10429.94,0.037568122,16.0
2023-12-21,2,SELL_FAILED,21.141,0,3.921,3.921,10429.94,-0.9899272,2.0
2023-12-21,3,SELL_FAILED,189.43,0,3.921,3.921,10429.94,-0.99167496,0.0
2023-12-22,0,SELL_FAILED,467.651,0,3.921,3.921,10445.69,-0.8842664,19.0
2023-12-22,1,HOLD,94.637,0,3.921,3.921,10445.69,0.036953766,16.0
2023-12-22,2,SELL_FAILED,21.103,0,3.921,3.921,10445.69,-0.98993325,2.0
2023-12-22,3,SELL_FAILED,190.27,0,3.921,3.921,10445.69,-0.99167556,0.0
2023-12-26,0,SELL_FAILED,469.626,0,3.921,3.921,10486.7,-0.88429666,19.0
2023-12-26,1,HOLD,94.829,0,3.921,3.921,10486.7,0.035537038,16.0
2023-12-26,2,SELL_FAILED,21.312,0,3.921,3.921,10486.7,-0.9899524,2.0
2023-12-26,3,SELL_FAILED,191.72,0,3.921,3.921,10486.7,-0.9916682,0.0
2023-12-27,0,SELL_FAILED,470.475,0,3.921,3.921,10512.29,-0.8841014,19.0
2023-12-27,1,HOLD,95.432,0,3.921,3.921,10512.29,0.038752407,16.0
2023-12-27,2,SELL_FAILED,21.217,0,3.921,3.921,10512.29,-0.98990107,2.0
2023-12-27,3,SELL_FAILED,192.59,0,3.921,3.921,10512.29,-0.9916889,0.0
2023-12-28,0,SELL_FAILED,470.653,0,3.921,3.921,10511.94,-0.8843273,19.0
2023-12-28,1,HOLD,95.221,0,3.921,3.921,10511.94,0.038463578,16.0
2023-12-28,2,SELL_FAILED,21.037,0,3.921,3.921,10511.94,-0.98989755,2.0
2023-12-28,3,SELL_FAILED,191.47,0,3.921,3.921,10511.94,-0.9916948,0.0
2023-12-29,0,SELL_FAILED,469.29,0,3.921,3.921,10482.92,-0.88447356,19.0
2023-12-29,1,HOLD,95.04,0,3.921,3.921,10482.92,0.03665924,16.0
2023-12-29,2,SELL_FAILED,20.923,0,3.921,3.921,10482.92,-0.9899261,2.0
2023-12-29,3,SELL_FAILED,191.17,0,3.921,3.921,10482.92,-0.9916864,0.0
2024-01-02,0,SELL_FAILED,466.664,0,3.921,3.921,10425.47,-0.8842761,19.0
2024-01-02,1,HOLD,94.589,0,3.921,3.921,10425.47,0.038425427,16.0
2024-01-02,2,SELL_FAILED,20.752,0,3.921,3.921,10425.47,-0.98990244,2.0
2024-01-02,3,SELL_FAILED,190.72,0,3.921,3.921,10425.47,-0.99169147,0.0
2024-01-03,0,SELL_FAILED,462.853,0,3.921,3.921,10354.36,-0.88435477,19.0
2024-01-03,1,HOLD,94.637,0,3.921,3.921,10354.36,0.03542685,16.0
2024-01-03,2,SELL_FAILED,21.018,0,3.921,3.921,10354.36,-0.9899553,2.0
2024-01-03,3,SELL_FAILED,189.13,0,3.921,3.921,10354.36,-0.99167013,0.0
2024-01-04,0,SELL_FAILED,461.362,0,3.921,3.921,10319.67,-0.884321,19.0
2024-01-04,1,HOLD,94.254,0,3.921,3.921,10319.67,0.036561947,16.0
2024-01-04,2,SELL_FAILED,20.904,0,3.921,3.921,10319.67,-0.98993534,2.0
2024-01-04,3,SELL_FAILED,189.32,0,3.921,3.921,10319.67,-0.99167675,0.0
2024-01-05,0,SELL_FAILED,461.994,0,3.921,3.921,10328.37,-0.8843043,19.0
2024-01-05,1,HOLD,94.034,0,3.921,3.921,10328.37,0.038078856,16.0
2024-01-05,2,SELL_FAILED,21.008,0,3.921,3.921,10328.37,-0.98990315,2.0
2024-01-05,3,SELL_FAILED,189.35,0,3.921,3.921,10328.37,-0.99169403,0.0
2024-01-08,0,SELL_FAILED,468.589,0,3.921,3.921,10458.73,-0.88416165,19.0
2024-01-08,1,HOLD,94.388,0,3.921,3.921,10458.73,0.040220916,16.0
2024-01-08,2,SELL_FAILED,20.705,0,3.921,3.921,10458.73,-0.989874,2.0
2024-01-08,3,SELL_FAILED,187.87,0,3.921,3.921,10458.73,-0.99169904,0.0
2024-01-09,0,SELL_FAILED,467.878,0,3.921,3.921,10445.22,-0.88443047,19.0
2024-01-09,1,HOLD,94.369,0,3.921,3.921,10445.22,0.03671457,16.0
2024-01-09,2,SELL_FAILED,20.857,0,3.921,3.921,10445.22,-0.9899283,2.0
2024-01-09,3,SELL_FAILED,187.93,0,3.921,3.921,10445.22,-0.9916858,0.0
2024-01-10,0,SELL_FAILED,470.524,0,3.921,3.921,10492.3,-0.8843838,19.0
2024-01-10,1,HOLD,94.187,0,3.921,3.921,10492.3,0.0371104,16.0
2024-01-10,2,SELL_FAILED,20.714,0,3.921,3.921,10492.3,-0.98992103,2.0
2024-01-10,3,SELL_FAILED,187.5,0,3.921,3.921,10492.3,-0.9916894,0.0
2024-01-11,0,SELL_FAILED,470.317,0,3.921,3.921,10497.26,-0.8843157,19.0
2024-01-11,1,HOLD,94.724,0,3.921,3.921,10497.26,0.03683725,16.0
2024-01-11,2,SELL_FAILED,20.866,0,3.921,3.921,10497.26,-0.9899319,2.0
2024-01-11,3,SELL_FAILED,187.87,0,3.921,3.921,10497.26,-0.9916787,0.0
2024-01-12,0,SELL_FAILED,470.643,0,3.921,3.921,10506.36,-0.88434976,19.0
2024-01-12,1,HOLD,94.896,0,3.921,3.921,10506.36,0.036013562,16.0
2024-01-12,2,SELL_FAILED,20.942,0,3.921,3.921,10506.36,-0.98994523,2.0
2024-01-12,3,SELL_FAILED,189.71,0,3.921,3.921,10506.36,-0.9916719,0.0
2024-01-16,0,SELL_FAILED,468.915,0,3.921,3.921,10461.82,-0.8843282,19.0
2024-01-16,1,HOLD,94.187,0,3.921,3.921,10461.82,0.03638751,16.0
2024-01-16,2,SELL_FAILED,20.762,0,3.921,3.921,10461.82,-0.9899357,2.0
2024-01-16,3,SELL_FAILED,187.91,0,3.921,3.921,10461.82,-0.9916789,0.0
2024-01-17,0,SELL_FAILED,466.309,0,3.921,3.921,10408.12,-0.88423294,19.0
2024-01-17,1,HOLD,93.929,0,3.921,3.921,10408.12,0.03981563,16.0
2024-01-17,2,SELL_FAILED,20.733,0,3.921,3.921,10408.12,-0.98987305,2.0
2024-01-17,3,SELL_FAILED,185.84,0,3.921,3.921,10408.12,-0.9917047,0.0
2024-01-18,0,SELL_FAILED,470.455,0,3.921,3.921,10485.79,-0.88454175,19.0
2024-01-18,1,HOLD,93.843,0,3.921,3.921,10485.79,0.037401907,16.0
2024-01-18,2,SELL_FAILED,20.866,0,3.921,3.921,10485.79,-0.9899046,2.0
2024-01-18,3,SELL_FAILED,187.37,0,3.921,3.921,10485.79,-0.9917027,0.0
2024-01-19,0,SELL_FAILED,476.32,0,3.921,3.921,10597.45,-0.884233,19.0
2024-01-19,1,HOLD,93.862,0,3.921,3.921,10597.45,0.03668695,16.0
2024-01-19,2,SELL_FAILED,20.828,0,3.921,3.921,10597.45,-0.9899361,2.0
2024-01-19,3,SELL_FAILED,187.93,0,3.921,3.921,10597.45,-0.9916738,0.0
2024-01-22,0,SELL_FAILED,477.327,0,3.921,3.921,10619.5,-0.8842451,19.0
2024-01-22,1,HOLD,94.034,0,3.921,3.921,10619.5,0.035271447,16.0
2024-01-22,2,SELL_FAILED,20.913,0,3.921,3.921,10619.5,-0.9899619,2.0
2024-01-22,3,SELL_FAILED,187.22,0,3.921,3.921,10619.5,-0.99166054,0.0
2024-01-23,0,SELL_FAILED,478.719,0,3.921,3.921,10642.5,-0.88436335,19.0
2024-01-23,1,HOLD,93.804,0,3.921,3.921,10642.5,0.03740801,16.0
2024-01-23,2,SELL_FAILED,21.027,0,3.921,3.921,10642.5,-0.98991877,2.0
2024-01-23,3,SELL_FAILED,187.95,0,3.921,3.921,10642.5,-0.9916874,0.0
2024-01-24,0,SELL_FAILED,479.243,0,3.921,3.921,10649.46,-0.8842848,19.0
2024-01-24,1,HOLD,93.594,0,3.921,3.921,10649.46,0.0373728,16.0
2024-01-24,2,SELL_FAILED,21.208,0,3.921,3.921,10649.46,-0.98992074,2.0
2024-01-24,3,SELL_FAILED,186.4,0,3.921,3.921,10649.46,-0.9916839,0.0
2024-01-25,0,SELL_FAILED,481.849,0,3.921,3.921,10706.03,-0.88439465,19.0
2024-01-25,1,HOLD,94.015,0,3.921,3.921,10706.03,0.03792744,16.0
2024-01-25,2,SELL_FAILED,21.369,0,3.921,3.921,10706.03,-0.9899051,2.0
2024-01-25,3,SELL_FAILED,187.14,0,3.921,3.921,10706.03,-0.99169457,0.0
2024-01-26,0,SELL_FAILED,481.237,0,3.921,3.921,10692.91,-0.8842459,19.0
2024-01-26,1,HOLD,93.91,0,3.921,3.921,10692.91,0.037885062,16.0
2024-01-26,2,SELL_FAILED,21.464,0,3.921,3.921,10692.91,-0.98991215,2.0
2024-01-26,3,SELL_FAILED,187.01,0,3.921,3.921,10692.91,-0.99168617,0.0
2024-01-29,0,SELL_FAILED,485.048,0,3.921,3.921,10770.93,-0.88434005,19.0
2024-01-29,1,HOLD,94.283,0,3.921,3.921,10770.93,0.036598586,16.0
2024-01-29,2,SELL_FAILED,21.284,0,3.921,3.921,10770.93,-0.9899371,2.0
2024-01-29,3,SELL_FAILED,188.33,0,3.921,3.921,10770.93,-0.9916764,0.0
2024-01-30,0,SELL_FAILED,484.673,0,3.921,3.921,10767.0,-0.88429064,19.0
2024-01-30,1,HOLD,94.465,0,3.921,3.921,10767.0,0.036046393,16.0
2024-01-30,2,SELL_FAILED,21.426,0,3.921,3.921,10767.0,-0.9899488,2.0
2024-01-30,3,SELL_FAILED,188.59,0,3.921,3.921,10767.0,-0.9916686,0.0
2024-01-31,0,SELL_FAILED,476.764,0,3.921,3.921,10623.17,-0.8843435,19.0
2024-01-31,1,HOLD,94.896,0,3.921,3.921,10623.17,0.03640361,16.0
2024-01-31,2,SELL_FAILED,21.198,0,3.921,3.921,10623.17,-0.9899372,2.0
2024-01-31,3,SELL_FAILED,188.45,0,3.921,3.921,10623.17,-0.99167746,0.0
2024-02-01,0,SELL_FAILED,483.004,0,3.921,3.921,10749.87,-0.88420206,19.0
2024-02-01,1,HOLD,95.437,0,3.921,3.921,10749.87,0.037148584,16.0
2024-02-01,2,SELL_FAILED,20.942,0,3.921,3.921,10749.87,-0.9899298,2.0
2024-02-01,3,SELL_FAILED,190.41,0,3.921,3.921,10749.87,-0.99167615,0.0
2024-02-02,0,SELL_FAILED,488.089,0,3.921,3.921,10832.03,-0.88440484,19.0
2024-02-02,1,HOLD,94.563,0,3.921,3.921,10832.03,0.037503988,16.0
2024-02-02,2,SELL_FAILED,20.705,0,3.921,3.921,10832.03,-0.9899132,2.0
2024-02-02,3,SELL_FAILED,188.61,0,3.921,3.921,10832.03,-0.9916927,0.0
2024-02-05,0,SELL_FAILED,486.312,0,3.921,3.921,10785.99,-0.8843259,19.0
2024-02-05,1,HOLD,93.785,0,3.921,3.921,10785.99,0.03791289,16.0
2024-02-05,2,SELL_FAILED,20.79,0,3.921,3.921,10785.99,-0.98990875,2.0
2024-02-05,3,SELL_FAILED,187.57,0,3.921,3.921,10785.99,-0.99169034,0.0
2024-02-06,0,SELL_FAILED,487.724,0,3.921,3.921,10820.81,-0.8842415,19.0
2024-02-06,1,HOLD,94.275,0,3.921,3.921,10820.81,0.03767109,16.0
2024-02-06,2,SELL_FAILED,20.866,0,3.921,3.921,10820.81,-0.9899176,2.0
2024-02-06,3,SELL_FAILED,188.55,0,3.921,3.921,10820.81,-0.9916824,0.0
2024-02-07,0,SELL_FAILED,491.792,0,3.921,3.921,10895.2,-0.88425833,19.0
2024-02-07,1,HOLD,94.082,0,3.921,3.921,10895.2,0.037273757,16.0
2024-02-07,2,SELL_FAILED,20.961,0,3.921,3.921,10895.2,-0.98992974,2.0
2024-02-07,3,SELL_FAILED,188.5,0,3.921,3.921,10895.2,-0.99167556,0.0
2024-02-08,0,SELL_FAILED,492.009,0,3.921,3.921,10894.95,-0.88430345,19.0
2024-02-08,1,HOLD,93.794,0,3.921,3.921,10894.95,0.037042215,16.0
2024-02-08,2,SELL_FAILED,21.075,0,3.921,3.921,10894.95,-0.98992896,2.0
2024-02-08,3,SELL_FAILED,188.33,0,3.921,3.921,10894.95,-0.99168,0.0
2024-02-09,0,SELL_FAILED,494.852,0,3.921,3.921,10948.61,-0.8842861,19.0
2024-02-09,1,HOLD,93.765,0,3.921,3.921,10948.61,0.037931368,16.0
2024-02-09,2,SELL_FAILED,21.132,0,3.921,3.921,10948.61,-0.9899045,2.0
2024-02-09,3,SELL_FAILED,187.6,0,3.921,3.921,10948.61,-0.99169457,0.0
2024-02-12,0,SELL_FAILED,494.635,0,3.921,3.921,10944.83,-0.88434356,19.0
2024-02-12,1,HOLD,93.785,0,3.921,3.921,10944.83,0.03775561,16.0
2024-02-12,2,SELL_FAILED,21.141,0,3.921,3.921,10944.83,-0.9899069,2.0
2024-02-12,3,SELL_FAILED,187.11,0,3.921,3.921,10944.83,-0.9916932,0.0
2024-02-13,0,SELL_FAILED,487.823,0,3.921,3.921,10801.31,-0.8842776,19.0
2024-02-13,1,HOLD,92.92,0,3.921,3.921,10801.31,0.038000382,16.0
2024-02-13,2,SELL_FAILED,21.018,0,3.921,3.921,10801.31,-0.9899112,2.0
2024-02-13,3,SELL_FAILED,184.53,0,3.921,3.921,10801.31,-0.9916872,0.0
2024-02-14,0,SELL_FAILED,492.256,0,3.921,3.921,10891.75,-0.8844683,19.0
2024-02-14,1,HOLD,93.333,0,3.921,3.921,10891.75,0.03565818,16.0
2024-02-14,2,SELL_FAILED,20.819,0,3.921,3.921,10891.75,-0.989948,2.0
2024-02-14,3,SELL_FAILED,184.42,0,3.921,3.921,10891.75,-0.9916752,0.0
2024-02-15,0,SELL_FAILED,495.652,0,3.921,3.921,10959.9,-0.88426936,19.0
2024-02-15,1,HOLD,93.554,0,3.921,3.921,10959.9,0.03788932,16.0
2024-02-15,2,SELL_FAILED,20.866,0,3.921,3.921,10959.9,-0.98991245,2.0
2024-02-15,3,SELL_FAILED,185.66,0,3.921,3.921,10959.9,-0.9916864,0.0
2024-02-16,0,SELL_FAILED,493.184,0,3.921,3.921,10908.34,-0.88431907,19.0
2024-02-16,1,HOLD,93.256,0,3.921,3.921,10908.34,0.03666418,16.0
2024-02-16,2,SELL_FAILED,20.913,0,3.921,3.921,10908.34,-0.98993385,2.0
2024-02-16,3,SELL_FAILED,186.34,0,3.921,3.921,10908.34,-0.9916787,0.0
2024-02-20,0,SELL_FAILED,490.469,0,3.921,3.921,10857.92,-0.88429093,19.0
2024-02-20,1,HOLD,93.343,0,3.921,3.921,10857.92,0.037884735,16.0
2024-02-20,2,SELL_FAILED,20.8,0,3.921,3.921,10857.92,-0.98991024,2.0
2024-02-20,3,SELL_FAILED,187.47,0,3.921,3.921,10857.92,-0.9916893,0.0
2024-02-21,0,SELL_FAILED,490.913,0,3.921,3.921,10862.06,-0.8843487,19.0
2024-02-21,1,HOLD,93.064,0,3.921,3.921,10862.06,0.037013855,16.0
2024-02-21,2,SELL_FAILED,20.885,0,3.921,3.921,10862.06,-0.98992664,2.0
2024-02-21,3,SELL_FAILED,187.48,0,3.921,3.921,10862.06,-0.99168265,0.0
2024-02-22,0,SELL_FAILED,501.073,0,3.921,3.921,11056.45,-0.8843954,19.0
2024-02-22,1,HOLD,93.141,0,3.921,3.921,11056.45,0.036713645,16.0
2024-02-22,2,SELL_FAILED,20.942,0,3.921,3.921,11056.45,-0.9899281,2.0
2024-02-22,3,SELL_FAILED,187.56,0,3.921,3.921,11056.45,-0.99168605,0.0
2024-02-23,0,SELL_FAILED,501.418,0,3.921,3.921,11067.93,-0.88442,19.0
2024-02-23,1,HOLD,93.487,0,3.921,3.921,11067.93,0.03670814,16.0
2024-02-23,2,SELL_FAILED,20.638,0,3.921,3.921,11067.93,-0.9899287,2.0
2024-02-23,3,SELL_FAILED,188.62,0,3.921,3.921,11067.93,-0.9916845,0.0
2024-02-26,0,SELL_FAILED,499.582,0,3.921,3.921,11030.2,-0.8842799,19.0
2024-02-26,1,HOLD,93.285,0,3.921,3.921,11030.2,0.03686299,16.0
2024-02-26,2,SELL_FAILED,20.828,0,3.921,3.921,11030.2,-0.98993325,2.0
2024-02-26,3,SELL_FAILED,188.2,0,3.921,3.921,11030.2,-0.99167633,0.0
2024-02-27,0,SELL_FAILED,500.51,0,3.921,3.921,11046.15,-0.88437235,19.0
2024-02-27,1,HOLD,93.16,0,3.921,3.921,11046.15,0.037938155,16.0
2024-02-27,2,SELL_FAILED,20.989,0,3.921,3.921,11046.15,-0.98990697,2.0
2024-02-27,3,SELL_FAILED,188.0,0,3.921,3.921,11046.15,-0.9916942,0.0
2024-02-28,0,SELL_FAILED,499.848,0,3.921,3.921,11036.33,-0.8843248,19.0
2024-02-28,1,HOLD,93.343,0,3.921,3.921,11036.33,0.035802566,16.0
2024-02-28,2,SELL_FAILED,20.904,0,3.921,3.921,11036.33,-0.9899469,2.0
2024-02-28,3,SELL_FAILED,188.34,0,3.921,3.921,11036.33,-0.9916733,0.0
2024-02-29,0,SELL_FAILED,501.645,0,3.921,3.921,11072.88,-0.8842192,19.0
2024-02-29,1,HOLD,93.497,0,3.921,3.921,11072.88,0.03744747,16.0
2024-02-29,2,SELL_FAILED,20.876,0,3.921,3.921,11072.88,-0.98992217,2.0
2024-02-29,3,SELL_FAILED,189.31,0,3.921,3.921,11072.88,-0.9916809,0.0
2024-03-01,0,SELL_FAILED,506.355,0,3.921,3.921,11169.75,-0.88427407,19.0
2024-03-01,1,HOLD,93.945,0,3.921,3.921,11169.75,0.037840456,16.0
2024-03-01,2,SELL_FAILED,20.98,0,3.921,3.921,11169.75,-0.9899111,2.0
2024-03-01,3,SELL_FAILED,192.89,0,3.921,3.921,11169.75,-0.9916885,0.0
2024-03-04,0,SELL_FAILED,505.812,0,3.921,3.921,11155.86,-0.884239,19.0
2024-03-04,1,HOLD,93.714,0,3.921,3.921,11155.86,0.036787786,16.0
2024-03-04,2,SELL_FAILED,21.046,0,3.921,3.921,11155.86,-0.98993796,2.0
2024-03-04,3,SELL_FAILED,196.01,0,3.921,3.921,11155.86,-0.991672,0.0
2024-03-05,0,SELL_FAILED,500.757,0,3.921,3.921,11067.67,-0.8842641,19.0
2024-03-05,1,HOLD,94.225,0,3.921,3.921,11067.67,0.03785861,16.0
2024-03-05,2,SELL_FAILED,20.885,0,3.921,3.921,11067.67,-0.9899163,2.0
2024-03-05,3,SELL_FAILED,197.19,0,3.921,3.921,11067.67,-0.9916838,0.0
2024-03-06,0,SELL_FAILED,503.294,0,3.921,3.921,11118.52,-0.88433254,19.0
2024-03-06,1,HOLD,94.369,0,3.921,3.921,11118.52,0.036491916,16.0
2024-03-06,2,SELL_FAILED,21.056,0,3.921,3.921,11118.52,-0.9899345,2.0
2024-03-06,3,SELL_FAILED,198.81,0,3.921,3.921,11118.52,-0.9916797,0.0
2024-03-07,0,SELL_FAILED,508.29,0,3.921,3.921,11216.81,-0.8841893,19.0
2024-03-07,1,HOLD,94.572,0,3.921,3.921,11216.81,0.0385075,16.0
2024-03-07,2,SELL_FAILED,21.113,0,3.921,3.921,11216.81,-0.9899022,2.0
2024-03-07,3,SELL_FAILED,199.94,0,3.921,3.921,11216.81,-0.9916895,0.0
2024-03-08,0,SELL_FAILED,505.239,0,3.921,3.921,11160.08,-0.88433015,19.0
2024-03-08,1,HOLD,94.658,0,3.921,3.921,11160.08,0.037344143,16.0
2024-03-08,2,SELL_FAILED,21.046,0,3.921,3.921,11160.08,-0.9899205,2.0
2024-03-08,3,SELL_FAILED,201.63,0,3.921,3.921,11160.08,-0.99168545,0.0
2024-03-11,0,SELL_FAILED,504.805,0,3.921,3.921,11150.5,-0.8842561,19.0
2024-03-11,1,HOLD,94.552,0,3.921,3.921,11150.5,0.037265487,16.0
2024-03-11,2,SELL_FAILED,21.227,0,3.921,3.921,11150.5,-0.9899212,2.0
2024-03-11,3,SELL_FAILED,202.0,0,3.921,3.921,11150.5,-0.9916838,0.0
2024-03-12,0,SELL_FAILED,510.235,0,3.921,3.921,11249.7,-0.88426906,19.0
2024-03-12,1,HOLD,94.311,0,3.921,3.921,11249.7,0.037618622,16.0
2024-03-12,2,SELL_FAILED,21.17,0,3.921,3.921,11249.7,-0.9899192,2.0
2024-03-12,3,SELL_FAILED,199.79,0,3.921,3.921,11249.7,-0.9916817,0.0
2024-03-13,0,SELL_FAILED,509.435,0,3.921,3.921,11232.32,-0.8843493,19.0
2024-03-13,1,HOLD,94.138,0,3.921,3.921,11232.32,0.035849832,16.0
2024-03-13,2,SELL_FAILED,21.464,0,3.921,3.921,11232.32,-0.98995143,2.0
2024-03-13,3,SELL_FAILED,201.19,0,3.921,3.921,11232.32,-0.99166906,0.0
2024-03-14,0,SELL_FAILED,508.428,0,3.921,3.921,11203.77,-0.88437426,19.0
2024-03-14,1,HOLD,93.541,0,3.921,3.921,11203.77,0.03706564,16.0
2024-03-14,2,SELL_FAILED,21.531,0,3.921,3.921,11203.77,-0.9899209,2.0
2024-03-14,3,SELL_FAILED,200.35,0,3.921,3.921,11203.77,-0.9916894,0.0
2024-03-15,0,SELL_FAILED,504.937,0,3.921,3.921,11137.43,-0.8843311,19.0
2024-03-15,1,HOLD,93.531,0,3.921,3.921,11137.43,0.037873697,16.0
2024-03-15,2,SELL_FAILED,21.606,0,3.921,3.921,11137.43,-0.98990804,2.0
2024-03-15,3,SELL_FAILED,199.71,0,3.921,3.921,11137.43,-0.9916913,0.0
2024-03-18,0,SELL_FAILED,507.938,0,3.921,3.921,11193.31,-0.88448745,19.0
2024-03-18,1,HOLD,93.435,0,3.921,3.921,11193.31,0.03646546,16.0
2024-03-18,2,SELL_FAILED,21.806,0,3.921,3.921,11193.31,-0.9899312,2.0
2024-03-18,3,SELL_FAILED,200.03,0,3.921,3.921,11193.31,-0.99168545,0.0
2024-03-19,0,SELL_FAILED,510.761,0,3.921,3.921,11250.63,-0.8843334,19.0
2024-03-19,1,HOLD,93.666,0,3.921,3.921,11250.63,0.037081264,16.0
2024-03-19,2,SELL_FAILED,21.796,0,3.921,3.921,11250.63,-0.9899251,2.0
2024-03-19,3,SELL_FAILED,199.8,0,3.921,3.921,11250.63,-0.99168247,0.0
2024-03-20,0,SELL_FAILED,515.485,0,3.921,3.921,11343.36,-0.8843168,19.0
2024-03-20,1,HOLD,93.859,0,3.921,3.921,11343.36,0.037239563,16.0
2024-03-20,2,SELL_FAILED,21.739,0,3.921,3.921,11343.36,-0.9899218,2.0
2024-03-20,3,SELL_FAILED,202.18,0,3.921,3.921,11343.36,-0.99168515,0.0
2024-03-21,0,SELL_FAILED,517.188,0,3.921,3.921,11376.73,-0.88436824,19.0
2024-03-21,1,HOLD,93.926,0,3.921,3.921,11376.73,0.037106946,16.0
2024-03-21,2,SELL_FAILED,21.711,0,3.921,3.921,11376.73,-0.98992383,2.0
2024-03-21,3,SELL_FAILED,201.97,0,3.921,3.921,11376.73,-0.991685,0.0
2024-03-22,0,SELL_FAILED,516.208,0,3.921,3.921,11362.59,-0.88441324,19.0
2024-03-22,1,HOLD,94.225,0,3.921,3.921,11362.59,0.036380276,16.0
2024-03-22,2,SELL_FAILED,21.559,0,3.921,3.921,11362.59,-0.98993444,2.0
2024-03-22,3,SELL_FAILED,200.35,0,3.921,3.921,11362.59,-0.9916815,0.0
2024-03-25,0,SELL_FAILED,514.782,0,3.921,3.921,11333.07,-0.88443464,19.0
2024-03-25,1,HOLD,94.051,0,3.921,3.921,11333.07,0.036903825,16.0
2024-03-25,2,SELL_FAILED,21.739,0,3.921,3.921,11333.07,-0.9899255,2.0
2024-03-25,3,SELL_FAILED,200.99,0,3.921,3.921,11333.07,-0.99168557,0.0
2024-03-26,0,SELL_FAILED,513.831,0,3.921,3.921,11316.22,-0.8842702,19.0
2024-03-26,1,HOLD,94.148,0,3.921,3.921,11316.22,0.037559878,16.0
2024-03-26,2,SELL_FAILED,21.569,0,3.921,3.921,11316.22,-0.98991793,2.0
2024-03-26,3,SELL_FAILED,201.64,0,3.921,3.921,11316.22,-0.9916854,0.0
2024-03-27,0,SELL_FAILED,518.149,0,3.921,3.921,11403.15,-0.8842281,19.0
2024-03-27,1,HOLD,94.456,0,3.921,3.921,11403.15,0.036325455,16.0
2024-03-27,2,SELL_FAILED,21.55,0,3.921,3.921,11403.15,-0.98994195,2.0
2024-03-27,3,SELL_FAILED,203.1,0,3.921,3.921,11403.15,-0.9916711,0.0
2024-03-28,0,SELL_FAILED,518.05,0,3.921,3.921,11399.92,-0.8843333,19.0
2024-03-28,1,HOLD,94.34,0,3.921,3.921,11399.92,0.037372623,16.0
2024-03-28,2,SELL_FAILED,21.806,0,3.921,3.921,11399.92,-0.98992014,2.0
2024-03-28,3,SELL_FAILED,205.72,0,3.921,3.921,11399.92,-0.991686,0.0
2024-04-01,0,SELL_FAILED,517.149,0,3.921,3.921,11372.04,-0.88438296,19.0
2024-04-01,1,HOLD,93.654,0,3.921,3.921,11372.04,0.037710078,16.0
2024-04-01,2,SELL_FAILED,21.91,0,3.921,3.921,11372.04,-0.98991024,2.0
2024-04-01,3,SELL_FAILED,207.82,0,3.921,3.921,11372.04,-0.9916924,0.0
2024-04-02,0,SELL_FAILED,513.861,0,3.921,3.921,11308.89,-0.8842503,19.0
2024-04-02,1,HOLD,93.587,0,3.921,3.921,11308.89,0.037068855,16.0
2024-04-02,2,SELL_FAILED,22.11,0,3.921,3.921,11308.89,-0.9899294,2.0
2024-04-02,3,SELL_FAILED,210.89,0,3.921,3.921,11308.89,-0.9916779,0.0
2024-04-03,0,SELL_FAILED,514.425,0,3.921,3.921,11321.07,-0.88419545,19.0
2024-04-03,1,HOLD,93.645,0,3.921,3.921,11321.07,0.038261637,16.0
2024-04-03,2,SELL_FAILED,22.375,0,3.921,3.921,11321.07,-0.98990726,2.0
2024-04-03,3,SELL_FAILED,212.74,0,3.921,3.921,11321.07,-0.99168754,0.0
2024-04-04,0,SELL_FAILED,508.146,0,3.921,3.921,11205.43,-0.8842142,19.0
2024-04-04,1,HOLD,93.867,0,3.921,3.921,11205.43,0.037631776,16.0
2024-04-04,2,SELL_FAILED,22.432,0,3.921,3.921,11205.43,-0.9899181,2.0
2024-04-04,3,SELL_FAILED,211.52,0,3.921,3.921,11205.43,-0.9916827,0.0
2024-04-05,0,SELL_FAILED,513.455,0,3.921,3.921,11299.11,-0.8841258,19.0
2024-04-05,1,HOLD,93.403,0,3.921,3.921,11299.11,0.036761593,16.0
2024-04-05,2,SELL_FAILED,22.546,0,3.921,3.921,11299.11,-0.989938,2.0
2024-04-05,3,SELL_FAILED,215.14,0,3.921,3.921,11299.11,-0.9916694,0.0
2024-04-08,0,SELL_FAILED,513.742,0,3.921,3.921,11303.15,-0.8843894,19.0
2024-04-08,1,HOLD,93.316,0,3.921,3.921,11303.15,0.035786286,16.0
2024-04-08,2,SELL_FAILED,22.537,0,3.921,3.921,11303.15,-0.9899466,2.0
2024-04-08,3,SELL_FAILED,216.48,0,3.921,3.921,11303.15,-0.99167526,0.0
2024-04-09,0,SELL_FAILED,514.336,0,3.921,3.921,11319.29,-0.884188,19.0
2024-04-09,1,HOLD,93.635,0,3.921,3.921,11319.29,0.038277287,16.0
2024-04-09,2,SELL_FAILED,22.413,0,3.921,3.921,11319.29,-0.9899093,2.0
2024-04-09,3,SELL_FAILED,217.67,0,3.921,3.921,11319.29,-0.9916835,0.0
2024-04-10,0,SELL_FAILED,509.186,0,3.921,3.921,11203.73,-0.88433903,19.0
2024-04-10,1,HOLD,92.514,0,3.921,3.921,11203.73,0.037257392,16.0
2024-04-10,2,SELL_FAILED,22.527,0,3.921,3.921,11203.73,-0.98992085,2.0
2024-04-10,3,SELL_FAILED,215.61,0,3.921,3.921,11203.73,-0.99168634,0.0
2024-04-11,0,SELL_FAILED,513.029,0,3.921,3.921,11276.99,-0.88436943,19.0
2024-04-11,1,HOLD,92.534,0,3.921,3.921,11276.99,0.036985878,16.0
2024-04-11,2,SELL_FAILED,22.489,0,3.921,3.921,11276.99,-0.98992413,2.0
2024-04-11,3,SELL_FAILED,219.8,0,3.921,3.921,11276.99,-0.99168545,0.0
2024-04-12,0,SELL_FAILED,505.947,0,3.921,3.921,11145.28,-0.88434356,19.0
2024-04-12,1,HOLD,92.708,0,3.921,3.921,11145.28,0.036652636,16.0
2024-04-12,2,SELL_FAILED,22.518,0,3.921,3.921,11145.28,-0.9899342,2.0
2024-04-12,3,SELL_FAILED,216.89,0,3.921,3.921,11145.28,-0.9916784,0.0
2024-04-15,0,SELL_FAILED,499.609,0,3.921,3.921,11015.94,-0.8842914,19.0
2024-04-15,1,HOLD,92.147,0,3.921,3.921,11015.94,0.037763137,16.0
2024-04-15,2,SELL_FAILED,22.546,0,3.921,3.921,11015.94,-0.9899165,2.0
2024-04-15,3,SELL_FAILED,220.95,0,3.921,3.921,11015.94,-0.99168545,0.0
2024-04-16,0,SELL_FAILED,498.698,0,3.921,3.921,10994.37,-0.8843255,19.0
2024-04-16,1,HOLD,91.886,0,3.921,3.921,10994.37,0.03748908,16.0
2024-04-16,2,SELL_FAILED,22.508,0,3.921,3.921,10994.37,-0.9899202,2.0
2024-04-16,3,SELL_FAILED,221.22,0,3.921,3.921,10994.37,-0.99168503,0.0
2024-04-17,0,SELL_FAILED,495.746,0,3.921,3.921,10944.4,-0.8842928,19.0
2024-04-17,1,HOLD,92.312,0,3.921,3.921,10944.4,0.037940446,16.0
2024-04-17,2,SELL_FAILED,22.157,0,3.921,3.921,10944.4,-0.98991096,2.0
2024-04-17,3,SELL_FAILED,219.59,0,3.921,3.921,10944.4,-0.9916879,0.0
2024-04-18,0,SELL_FAILED,494.726,0,3.921,3.921,10920.83,-0.88439244,19.0
2024-04-18,1,HOLD,92.051,0,3.921,3.921,10920.83,0.037652995,16.0
2024-04-18,2,SELL_FAILED,22.148,0,3.921,3.921,10920.83,-0.9899101,2.0
2024-04-18,3,SELL_FAILED,220.34,0,3.921,3.921,10920.83,-0.9916935,0.0
2024-04-19,0,SELL_FAILED,490.408,0,3.921,3.921,10840.53,-0.8843625,19.0
2024-04-19,1,HOLD,92.147,0,3.921,3.921,10840.53,0.037586424,16.0
2024-04-19,2,SELL_FAILED,22.252,0,3.921,3.921,10840.53,-0.989914,2.0
2024-04-19,3,SELL_FAILED,221.03,0,3.921,3.921,10840.53,-0.9916913,0.0
2024-04-22,0,SELL_FAILED,494.924,0,3.921,3.921,10927.26,-0.8842907,19.0
2024-04-22,1,HOLD,92.205,0,3.921,3.921,10927.26,0.038141977,16.0
2024-04-22,2,SELL_FAILED,22.252,0,3.921,3.921,10927.26,-0.98990744,2.0
2024-04-22,3,SELL_FAILED,215.57,0,3.921,3.921,10927.26,-0.99168783,0.0
2024-04-23,0,SELL_FAILED,500.797,0,3.921,3.921,11042.13,-0.8844184,19.0
2024-04-23,1,HOLD,92.398,0,3.921,3.921,11042.13,0.036370397,16.0
2024-04-23,2,SELL_FAILED,22.347,0,3.921,3.921,11042.13,-0.98993194,2.0
2024-04-23,3,SELL_FAILED,215.04,0,3.921,3.921,11042.13,-0.99168265,0.0
2024-04-24,0,SELL_FAILED,500.56,0,3.921,3.921,11033.71,-0.88430214,19.0
2024-04-24,1,HOLD,92.157,0,3.921,3.921,11033.71,0.036172114,16.0
2024-04-24,2,SELL_FAILED,22.318,0,3.921,3.921,11033.71,-0.9899406,2.0
2024-04-24,3,SELL_FAILED,214.64,0,3.921,3.921,11033.71,-0.991676,0.0
2024-04-25,0,SELL_FAILED,498.658,0,3.921,3.921,10993.64,-0.8844227,19.0
2024-04-25,1,HOLD,91.896,0,3.921,3.921,10993.64,0.038104717,16.0
2024-04-25,2,SELL_FAILED,22.442,0,3.921,3.921,10993.64,-0.9899011,2.0
2024-04-25,3,SELL_FAILED,215.92,0,3.921,3.921,10993.64,-0.99169856,0.0
2024-04-26,0,SELL_FAILED,503.382,0,3.921,3.921,11086.69,-0.88443416,19.0
2024-04-26,1,HOLD,92.099,0,3.921,3.921,11086.69,0.037183046,16.0
2024-04-26,2,SELL_FAILED,22.461,0,3.921,3.921,11086.69,-0.9899182,2.0
2024-04-26,3,SELL_FAILED,216.62,0,3.921,3.921,11086.69,-0.99168956,0.0
2024-04-29,0,SELL_FAILED,505.165,0,3.921,3.921,11125.0,-0.8842715,19.0
2024-04-29,1,HOLD,92.379,0,3.921,3.921,11125.0,0.0375716,16.0
2024-04-29,2,SELL_FAILED,22.442,0,3.921,3.921,11125.0,-0.9899164,2.0
2024-04-29,3,SELL_FAILED,216.18,0,3.921,3.921,11125.0,-0.99168706,0.0
2024-04-30,0,SELL_FAILED,497.162,0,3.921,3.921,10966.34,-0.8841327,19.0
2024-04-30,1,HOLD,92.002,0,3.921,3.921,10966.34,0.039007097,16.0
2024-04-30,2,SELL_FAILED,22.157,0,3.921,3.921,10966.34,-0.9898964,2.0
2024-04-30,3,SELL_FAILED,211.87,0,3.921,3.921,10966.34,-0.9916878,0.0
2024-05-01,0,SELL_FAILED,495.548,0,3.921,3.921,10940.23,-0.8843832,19.0
2024-05-01,1,HOLD,92.327,0,3.921,3.921,10940.23,0.03667335,16.0
2024-05-01,2,SELL_FAILED,21.834,0,3.921,3.921,10940.23,-0.9899302,2.0
2024-05-01,3,SELL_FAILED,213.79,0,3.921,3.921,10940.23,-0.9916831,0.0
2024-05-02,0,SELL_FAILED,500.183,0,3.921,3.921,11035.12,-0.8843242,19.0
2024-05-02,1,HOLD,92.744,0,3.921,3.921,11035.12,0.03680838,16.0
2024-05-02,2,SELL_FAILED,21.91,0,3.921,3.921,11035.12,-0.9899315,2.0
2024-05-02,3,SELL_FAILED,213.13,0,3.921,3.921,11035.12,-0.99167955,0.0
2024-05-03,0,SELL_FAILED,506.383,0,3.921,3.921,11160.58,-0.88433295,19.0
2024-05-03,1,HOLD,93.219,0,3.921,3.921,11160.58,0.03723108,16.0
2024-05-03,2,SELL_FAILED,21.939,0,3.921,3.921,11160.58,-0.9899248,2.0
2024-05-03,3,SELL_FAILED,212.96,0,3.921,3.921,11160.58,-0.9916829,0.0
2024-05-06,0,SELL_FAILED,511.612,0,3.921,3.921,11261.5,-0.8842874,19.0
2024-05-06,1,HOLD,93.286,0,3.921,3.921,11261.5,0.038039662,16.0
2024-05-06,2,SELL_FAILED,22.186,0,3.921,3.921,11261.5,-0.98990864,2.0
2024-05-06,3,SELL_FAILED,215.2,0,3.921,3.921,11261.5,-0.99168885,0.0
2024-05-07,0,SELL_FAILED,512.177,0,3.921,3.921,11275.3,-0.884237,19.0
2024-05-07,1,HOLD,93.48,0,3.921,3.921,11275.3,0.038634863,16.0
2024-05-07,2,SELL_FAILED,22.167,0,3.921,3.921,11275.3,-0.9898979,2.0
2024-05-07,3,SELL_FAILED,214.21,0,3.921,3.921,11275.3,-0.9916938,0.0
2024-05-08,0,SELL_FAILED,512.226,0,3.921,3.921,11272.9,-0.8843043,19.0
2024-05-08,1,HOLD,93.286,0,3.921,3.921,11272.9,0.03649936,16.0
2024-05-08,2,SELL_FAILED,22.053,0,3.921,3.921,11272.9,-0.9899372,2.0
2024-05-08,3,SELL_FAILED,213.58,0,3.921,3.921,11272.9,-0.99167603,0.0
2024-05-09,0,SELL_FAILED,515.178,0,3.921,3.921,11331.96,-0.8842811,19.0
2024-05-09,1,HOLD,93.461,0,3.921,3.921,11331.96,0.038937587,16.0
2024-05-09,2,SELL_FAILED,22.138,0,3.921,3.921,11331.96,-0.9898936,2.0
2024-05-09,3,SELL_FAILED,216.95,0,3.921,3.921,11331.96,-0.9916955,0.0
2024-05-10,0,SELL_FAILED,515.841,0,3.921,3.921,11341.37,-0.88429075,19.0
2024-05-10,1,HOLD,93.267,0,3.921,3.921,11341.37,0.036698826,16.0
2024-05-10,2,SELL_FAILED,22.1,0,3.921,3.921,11341.37,-0.9899346,2.0
2024-05-10,3,SELL_FAILED,218.71,0,3.921,3.921,11341.37,-0.9916764,0.0
2024-05-13,0,SELL_FAILED,515.911,0,3.921,3.921,11343.77,-0.8842761,19.0
2024-05-13,1,HOLD,93.316,0,3.921,3.921,11343.77,0.038490746,16.0
2024-05-13,2,SELL_FAILED,22.243,0,3.921,3.921,11343.77,-0.9899014,2.0
2024-05-13,3,SELL_FAILED,216.26,0,3.921,3.921,11343.77,-0.99169064,0.0
2024-05-14,0,SELL_FAILED,518.278,0,3.921,3.921,11392.57,-0.88422924,19.0
2024-05-14,1,HOLD,93.567,0,3.921,3.921,11392.57,0.036637127,16.0
2024-05-14,2,SELL_FAILED,22.148,0,3.921,3.921,11392.57,-0.9899344,2.0
2024-05-14,3,SELL_FAILED,218.09,0,3.921,3.921,11392.57,-0.9916768,0.0
2024-05-15,0,SELL_FAILED,524.696,0,3.921,3.921,11524.6,-0.88420457,19.0
2024-05-15,1,HOLD,94.188,0,3.921,3.921,11524.6,0.03672698,16.0
2024-05-15,2,SELL_FAILED,22.224,0,3.921,3.921,11524.6,-0.98993564,2.0
2024-05-15,3,SELL_FAILED,220.89,0,3.921,3.921,11524.6,-0.9916743,0.0
2024-05-16,0,SELL_FAILED,523.616,0,3.921,3.921,11502.48,-0.88431203,19.0
2024-05-16,1,HOLD,94.081,0,3.921,3.921,11502.48,0.037157215,16.0
2024-05-16,2,SELL_FAILED,22.281,0,3.921,3.921,11502.48,-0.98992366,2.0
2024-05-16,3,SELL_FAILED,220.03,0,3.921,3.921,11502.48,-0.991683,0.0
2024-05-17,0,SELL_FAILED,524.369,0,3.921,3.921,11512.44,-0.8841785,19.0
2024-05-17,1,HOLD,93.781,0,3.921,3.921,11512.44,0.036964003,16.0
2024-05-17,2,SELL_FAILED,22.508,0,3.921,3.921,11512.44,-0.9899355,2.0
2024-05-17,3,SELL_FAILED,223.66,0,3.921,3.921,11512.44,-0.9916713,0.0
2024-05-20,0,SELL_FAILED,524.973,0,3.921,3.921,11522.91,-0.88434505,19.0
2024-05-20,1,HOLD,93.693,0,3.921,3.921,11522.91,0.0358184,16.0
2024-05-20,2,SELL_FAILED,22.708,0,3.921,3.921,11522.91,-0.989948,2.0
2024-05-20,3,SELL_FAILED,224.56,0,3.921,3.921,11522.91,-0.9916732,0.0
2024-05-21,0,SELL_FAILED,526.26,0,3.921,3.921,11549.98,-0.8842944,19.0
2024-05-21,1,HOLD,93.868,0,3.921,3.921,11549.98,0.03825497,16.0
2024-05-21,2,SELL_FAILED,22.613,0,3.921,3.921,11549.98,-0.9899003,2.0
2024-05-21,3,SELL_FAILED,224.23,0,3.921,3.921,11549.98,-0.9916931,0.0
2024-05-22,0,SELL_FAILED,524.745,0,3.921,3.921,11518.69,-0.8841952,19.0
2024-05-22,1,HOLD,93.752,0,3.921,3.921,11518.69,0.038001332,16.0
2024-05-22,2,SELL_FAILED,22.29,0,3.921,3.921,11518.69,-0.989914,2.0
2024-05-22,3,SELL_FAILED,220.11,0,3.921,3.921,11518.69,-0.9916825,0.0
2024-05-23,0,SELL_FAILED,520.912,0,3.921,3.921,11441.44,-0.88445586,19.0
2024-05-23,1,HOLD,93.49,0,3.921,3.921,11441.44,0.036837425,16.0
2024-05-23,2,SELL_FAILED,22.176,0,3.921,3.921,11441.44,-0.98992395,2.0
2024-05-23,3,SELL_FAILED,215.72,0,3.921,3.921,11441.44,-0.9916873,0.0
2024-05-24,0,SELL_FAILED,524.359,0,3.921,3.921,11508.95,-0.8843916,19.0
2024-05-24,1,HOLD,93.597,0,3.921,3.921,11508.95,0.03704085,16.0
2024-05-24,2,SELL_FAILED,22.328,0,3.921,3.921,11508.95,-0.9899223,2.0
2024-05-24,3,SELL_FAILED,215.92,0,3.921,3.921,11508.95,-0.991685,0.0
2024-05-28,0,SELL_FAILED,524.725,0,3.921,3.921,11509.71,-0.8843795,19.0
2024-05-28,1,HOLD,93.16,0,3.921,3.921,11509.71,0.038869977,16.0
2024-05-28,2,SELL_FAILED,22.727,0,3.921,3.921,11509.71,-0.9898852,2.0
2024-05-28,3,SELL_FAILED,218.19,0,3.921,3.921,11509.71,-0.99170613,0.0
2024-05-29,0,SELL_FAILED,521.051,0,3.921,3.921,11433.7,-0.88427025,19.0
2024-05-29,1,HOLD,92.802,0,3.921,3.921,11433.7,0.03640894,16.0
2024-05-29,2,SELL_FAILED,22.489,0,3.921,3.921,11433.7,-0.98993886,2.0
2024-05-29,3,SELL_FAILED,216.16,0,3.921,3.921,11433.7,-0.991675,0.0
2024-05-30,0,SELL_FAILED,517.594,0,3.921,3.921,11374.4,-0.8844226,19.0
2024-05-30,1,HOLD,93.238,0,3.921,3.921,11374.4,0.03634358,16.0
2024-05-30,2,SELL_FAILED,22.195,0,3.921,3.921,11374.4,-0.989937,2.0
2024-05-30,3,SELL_FAILED,216.57,0,3.921,3.921,11374.4,-0.9916791,0.0
2024-05-31,0,SELL_FAILED,522.309,0,3.921,3.921,11468.58,-0.88436234,19.0
2024-05-31,1,HOLD,93.538,0,3.921,3.921,11468.58,0.03708293,16.0
2024-05-31,2,SELL_FAILED,22.091,0,3.921,3.921,11468.58,-0.9899246,2.0
2024-05-31,3,SELL_FAILED,215.3,0,3.921,3.921,11468.58,-0.99168473,0.0
2024-06-03,0,SELL_FAILED,522.735,0,3.921,3.921,11485.1,-0.88444763,19.0
2024-06-03,1,HOLD,94.104,0,3.921,3.921,11485.1,0.036138035,16.0
2024-06-03,2,SELL_FAILED,21.777,0,3.921,3.921,11485.1,-0.98993754,2.0
2024-06-03,3,SELL_FAILED,217.22,0,3.921,3.921,11485.1,-0.9916825,0.0
2024-06-04,0,SELL_FAILED,523.319,0,3.921,3.921,11501.2,-0.8843272,19.0
2024-06-04,1,HOLD,94.444,0,3.921,3.921,11501.2,0.03816617,16.0
2024-06-04,2,SELL_FAILED,21.559,0,3.921,3.921,11501.2,-0.98990697,2.0
2024-06-04,3,SELL_FAILED,215.27,0,3.921,3.921,11501.2,-0.99168974,0.0
2024-06-05,0,SELL_FAILED,529.539,0,3.921,3.921,11624.21,-0.88428307,19.0
2024-06-05,1,HOLD,94.736,0,3.921,3.921,11624.21,0.037107036,16.0
2024-06-05,2,SELL_FAILED,21.635,0,3.921,3.921,11624.21,-0.98992574,2.0
2024-06-05,3,SELL_FAILED,217.82,0,3.921,3.921,11624.21,-0.9916818,0.0
2024-06-06,0,SELL_FAILED,529.529,0,3.921,3.921,11625.05,-0.8842265,19.0
2024-06-06,1,HOLD,94.765,0,3.921,3.921,11625.05,0.037087545,16.0
2024-06-06,2,SELL_FAILED,21.92,0,3.921,3.921,11625.05,-0.9899296,2.0
2024-06-06,3,SELL_FAILED,219.43,0,3.921,3.921,11625.05,-0.9916761,0.0
2024-06-07,0,SELL_FAILED,528.885,0,3.921,3.921,11598.81,-0.88428324,19.0
2024-06-07,1,HOLD,93.929,0,3.921,3.921,11598.81,0.038387574,16.0
2024-06-07,2,SELL_FAILED,21.606,0,3.921,3.921,11598.81,-0.9899005,2.0
2024-06-07,3,SELL_FAILED,211.6,0,3.921,3.921,11598.81,-0.9916943,0.0
2024-06-10,0,SELL_FAILED,530.519,0,3.921,3.921,11629.24,-0.88429683,19.0
2024-06-10,1,HOLD,93.851,0,3.921,3.921,11629.24,0.03623021,16.0
2024-06-10,2,SELL_FAILED,21.92,0,3.921,3.921,11629.24,-0.98994374,2.0
2024-06-10,3,SELL_FAILED,213.54,0,3.921,3.921,11629.24,-0.9916732,0.0
2024-06-11,0,SELL_FAILED,531.797,0,3.921,3.921,11658.6,-0.88441443,19.0
2024-06-11,1,HOLD,94.172,0,3.921,3.921,11658.6,0.036301345,16.0
2024-06-11,2,SELL_FAILED,21.891,0,3.921,3.921,11658.6,-0.9899371,2.0
2024-06-11,3,SELL_FAILED,214.15,0,3.921,3.921,11658.6,-0.9916807,0.0
2024-06-12,0,SELL_FAILED,536.164,0,3.921,3.921,11748.88,-0.8842897,19.0
2024-06-12,1,HOLD,94.619,0,3.921,3.921,11748.88,0.037370183,16.0
2024-06-12,2,SELL_FAILED,21.967,0,3.921,3.921,11748.88,-0.98992044,2.0
2024-06-12,3,SELL_FAILED,214.72,0,3.921,3.921,11748.88,-0.9916858,0.0
2024-06-13,0,SELL_FAILED,537.244,0,3.921,3.921,11777.06,-0.8840567,19.0
2024-06-13,1,HOLD,95.096,0,3.921,3.921,11777.06,0.03748244,16.0
2024-06-13,2,SELL_FAILED,21.986,0,3.921,3.921,11777.06,-0.98992956,2.0
2024-06-13,3,SELL_FAILED,212.97,0,3.921,3.921,11777.06,-0.9916701,0.0
2024-06-14,0,SELL_FAILED,537.571,0,3.921,3.921,11784.66,-0.8843041,19.0
2024-06-14,1,HOLD,95.193,0,3.921,3.921,11784.66,0.03724492,16.0
2024-06-14,2,SELL_FAILED,21.901,0,3.921,3.921,11784.66,-0.9899216,2.0
2024-06-14,3,SELL_FAILED,215.73,0,3.921,3.921,11784.66,-0.9916846,0.0
2024-06-17,0,SELL_FAILED,541.849,0,3.921,3.921,11860.65,-0.88429826,19.0
2024-06-17,1,HOLD,94.853,0,3.921,3.921,11860.65,0.03803684,16.0
2024-06-17,2,SELL_FAILED,21.977,0,3.921,3.921,11860.65,-0.98990947,2.0
2024-06-17,3,SELL_FAILED,214.61,0,3.921,3.921,11860.65,-0.9916861,0.0
2024-06-18,0,SELL_FAILED,543.226,0,3.921,3.921,11892.62,-0.8842878,19.0
2024-06-18,1,HOLD,95.193,0,3.921,3.921,11892.62,0.038241785,16.0
2024-06-18,2,SELL_FAILED,22.157,0,3.921,3.921,11892.62,-0.98990214,2.0
2024-06-18,3,SELL_FAILED,215.47,0,3.921,3.921,11892.62,-0.99169374,0.0
2024-06-20,0,SELL_FAILED,541.75,0,3.921,3.921,11862.03,-0.8843387,19.0
2024-06-20,1,HOLD,95.028,0,3.921,3.921,11862.03,0.03586171,16.0
2024-06-20,2,SELL_FAILED,22.205,0,3.921,3.921,11862.03,-0.9899476,2.0
2024-06-20,3,SELL_FAILED,218.16,0,3.921,3.921,11862.03,-0.9916742,0.0
2024-06-21,0,SELL_FAILED,541.024,0,3.921,3.921,11848.02,-0.8842786,19.0
2024-06-21,1,HOLD,95.037,0,3.921,3.921,11848.02,0.038410876,16.0
2024-06-21,2,SELL_FAILED,22.024,0,3.921,3.921,11848.02,-0.9899021,2.0
2024-06-21,3,SELL_FAILED,214.78,0,3.921,3.921,11848.02,-0.9916907,0.0
2024-06-24,0,SELL_FAILED,539.265,0,3.921,3.921,11816.21,-0.88430315,19.0
2024-06-24,1,HOLD,95.115,0,3.921,3.921,11816.21,0.03659814,16.0
2024-06-24,2,SELL_FAILED,22.205,0,3.921,3.921,11816.21,-0.989938,2.0
2024-06-24,3,SELL_FAILED,215.63,0,3.921,3.921,11816.21,-0.99167514,0.0
2024-06-25,0,SELL_FAILED,541.342,0,3.921,3.921,11855.11,-0.884249,19.0
2024-06-25,1,HOLD,95.106,0,3.921,3.921,11855.11,0.037319083,16.0
2024-06-25,2,SELL_FAILED,21.996,0,3.921,3.921,11855.11,-0.9899263,2.0
2024-06-25,3,SELL_FAILED,214.56,0,3.921,3.921,11855.11,-0.9916794,0.0
2024-06-26,0,SELL_FAILED,542.018,0,3.921,3.921,11861.18,-0.8844868,19.0
2024-06-26,1,HOLD,94.678,0,3.921,3.921,11861.18,0.036746476,16.0
2024-06-26,2,SELL_FAILED,22.034,0,3.921,3.921,11861.18,-0.9899243,2.0
2024-06-26,3,SELL_FAILED,212.58,0,3.921,3.921,11861.18,-0.99168867,0.0
2024-06-27,0,SELL_FAILED,542.872,0,3.921,3.921,11880.11,-0.88435036,19.0
2024-06-27,1,HOLD,94.833,0,3.921,3.921,11880.11,0.037381224,16.0
2024-06-27,2,SELL_FAILED,22.148,0,3.921,3.921,11880.11,-0.98991823,2.0
2024-06-27,3,SELL_FAILED,214.99,0,3.921,3.921,11880.11,-0.99168634,0.0
2024-06-28,0,SELL_FAILED,540.736,0,3.921,3.921,11831.88,-0.8843898,19.0
2024-06-28,1,HOLD,94.367,0,3.921,3.921,11831.88,0.03888328,16.0
2024-06-28,2,SELL_FAILED,22.053,0,3.921,3.921,11831.88,-0.9898836,2.0
2024-06-28,3,SELL_FAILED,215.01,0,3.921,3.921,11831.88,-0.9917053,0.0
2024-07-01,0,SELL_FAILED,541.849,0,3.921,3.921,11845.5,-0.88432163,19.0
2024-07-01,1,HOLD,93.861,0,3.921,3.921,11845.5,0.035559244,16.0
2024-07-01,2,SELL_FAILED,22.337,0,3.921,3.921,11845.5,-0.98995733,2.0
2024-07-01,3,SELL_FAILED,215.57,0,3.921,3.921,11845.5,-0.9916651,0.0
2024-07-02,0,SELL_FAILED,545.495,0,3.921,3.921,11919.83,-0.88427407,19.0
2024-07-02,1,HOLD,94.173,0,3.921,3.921,11919.83,0.03771451,16.0
2024-07-02,2,SELL_FAILED,22.366,0,3.921,3.921,11919.83,-0.9899154,2.0
2024-07-02,3,SELL_FAILED,215.56,0,3.921,3.921,11919.83,-0.9916852,0.0
2024-07-03,0,SELL_FAILED,547.93,0,3.921,3.921,11974.45,-0.8844057,19.0
2024-07-03,1,HOLD,94.68,0,3.921,3.921,11974.45,0.036393996,16.0
2024-07-03,2,SELL_FAILED,22.489,0,3.921,3.921,11974.45,-0.98993313,2.0
2024-07-03,3,SELL_FAILED,217.99,0,3.921,3.921,11974.45,-0.99168426,0.0
2024-07-05,0,SELL_FAILED,551.089,0,3.921,3.921,12042.29,-0.88416934,19.0
2024-07-05,1,HOLD,95.158,0,3.921,3.921,12042.29,0.038896106,16.0
2024-07-05,2,SELL_FAILED,22.575,0,3.921,3.921,12042.29,-0.98989815,2.0
2024-07-05,3,SELL_FAILED,220.93,0,3.921,3.921,12042.29,-0.99168783,0.0
2024-07-08,0,SELL_FAILED,551.725,0,3.921,3.921,12054.23,-0.88436997,19.0
2024-07-08,1,HOLD,95.187,0,3.921,3.921,12054.23,0.037561752,16.0
2024-07-08,2,SELL_FAILED,22.271,0,3.921,3.921,12054.23,-0.9899116,2.0
2024-07-08,3,SELL_FAILED,218.19,0,3.921,3.921,12054.23,-0.99169225,0.0
2024-07-09,0,SELL_FAILED,552.262,0,3.921,3.921,12062.72,-0.8843356,19.0
2024-07-09,1,HOLD,95.099,0,3.921,3.921,12062.72,0.036910255,16.0
2024-07-09,2,SELL_FAILED,22.119,0,3.921,3.921,12062.72,-0.98992795,2.0
2024-07-09,3,SELL_FAILED,218.56,0,3.921,3.921,12062.72,-0.9916809,0.0
2024-07-10,0,SELL_FAILED,557.726,0,3.921,3.921,12168.1,-0.88425463,19.0
2024-07-10,1,HOLD,95.197,0,3.921,3.921,12168.1,0.038787015,16.0
2024-07-10,2,SELL_FAILED,22.119,0,3.921,3.921,12168.1,-0.9898947,2.0
2024-07-10,3,SELL_FAILED,219.36,0,3.921,3.921,12168.1,-0.9916925,0.0
2024-07-11,0,SELL_FAILED,552.917,0,3.921,3.921,12084.68,-0.8842662,19.0
2024-07-11,1,HOLD,95.684,0,3.921,3.921,12084.68,0.03658153,16.0
2024-07-11,2,SELL_FAILED,22.195,0,3.921,3.921,12084.68,-0.9899328,2.0
2024-07-11,3,SELL_FAILED,223.25,0,3.921,3.921,12084.68,-0.9916777,0.0
2024-07-12,0,SELL_FAILED,556.405,0,3.921,3.921,12154.99,-0.88422275,19.0
2024-07-12,1,HOLD,95.947,0,3.921,3.921,12154.99,0.03704939,16.0
2024-07-12,2,SELL_FAILED,22.11,0,3.921,3.921,12154.99,-0.9899337,2.0
2024-07-12,3,SELL_FAILED,223.11,0,3.921,3.921,12154.99,-0.9916747,0.0
2024-07-15,0,SELL_FAILED,557.935,0,3.921,3.921,12178.44,-0.88452524,19.0
2024-07-15,1,HOLD,95.616,0,3.921,3.921,12178.44,0.036757518,16.0
2024-07-15,2,SELL_FAILED,21.948,0,3.921,3.921,12178.44,-0.98992074,2.0
2024-07-15,3,SELL_FAILED,223.83,0,3.921,3.921,12178.44,-0.9916934,0.0
2024-07-16,0,SELL_FAILED,561.244,0,3.921,3.921,12247.44,-0.8841515,19.0
2024-07-16,1,HOLD,96.006,0,3.921,3.921,12247.44,0.03873857,16.0
2024-07-16,2,SELL_FAILED,21.891,0,3.921,3.921,12247.44,-0.9899039,2.0
2024-07-16,3,SELL_FAILED,228.29,0,3.921,3.921,12247.44,-0.9916866,0.0
2024-07-17,0,SELL_FAILED,553.375,0,3.921,3.921,12099.01,-0.88437146,19.0
2024-07-17,1,HOLD,96.074,0,3.921,3.921,12099.01,0.03744941,16.0
2024-07-17,2,SELL_FAILED,21.891,0,3.921,3.921,12099.01,-0.9899175,2.0
2024-07-17,3,SELL_FAILED,227.23,0,3.921,3.921,12099.01,-0.991689,0.0
2024-07-18,0,SELL_FAILED,549.122,0,3.921,3.921,12013.68,-0.8842015,19.0
2024-07-18,1,HOLD,95.811,0,3.921,3.921,12013.68,0.03725644,16.0
2024-07-18,2,SELL_FAILED,21.73,0,3.921,3.921,12013.68,-0.9899289,2.0
2024-07-18,3,SELL_FAILED,225.78,0,3.921,3.921,12013.68,-0.9916742,0.0
2024-07-19,0,SELL_FAILED,545.475,0,3.921,3.921,11940.67,-0.88435906,19.0
2024-07-19,1,HOLD,95.616,0,3.921,3.921,11940.67,0.036882725,16.0
2024-07-19,2,SELL_FAILED,21.436,0,3.921,3.921,11940.67,-0.9899269,2.0
2024-07-19,3,SELL_FAILED,221.73,0,3.921,3.921,11940.67,-0.99168277,0.0
2024-07-22,0,SELL_FAILED,551.099,0,3.921,3.921,12047.02,-0.8843792,19.0
2024-07-22,1,HOLD,95.577,0,3.921,3.921,12047.02,0.037219297,16.0
2024-07-22,2,SELL_FAILED,21.493,0,3.921,3.921,12047.02,-0.98992014,2.0
2024-07-22,3,SELL_FAILED,221.8,0,3.921,3.921,12047.02,-0.9916876,0.0
2024-07-23,0,SELL_FAILED,550.235,0,3.921,3.921,12030.04,-0.8843953,19.0
2024-07-23,1,HOLD,95.567,0,3.921,3.921,12030.04,0.036636204,16.0
2024-07-23,2,SELL_FAILED,21.293,0,3.921,3.921,12030.04,-0.9899331,2.0
2024-07-23,3,SELL_FAILED,222.58,0,3.921,3.921,12030.04,-0.99168056,0.0
2024-07-24,0,SELL_FAILED,537.765,0,3.921,3.921,11788.42,-0.8841795,19.0
2024-07-24,1,HOLD,95.275,0,3.921,3.921,11788.42,0.038467444,16.0
2024-07-24,2,SELL_FAILED,21.284,0,3.921,3.921,11788.42,-0.9899021,2.0
2024-07-24,3,SELL_FAILED,221.8,0,3.921,3.921,11788.42,-0.99169195,0.0
2024-07-25,0,SELL_FAILED,534.963,0,3.921,3.921,11739.49,-0.8844006,19.0
2024-07-25,1,HOLD,95.538,0,3.921,3.921,11739.49,0.03666808,16.0
2024-07-25,2,SELL_FAILED,21.331,0,3.921,3.921,11739.49,-0.98993313,2.0
2024-07-25,3,SELL_FAILED,218.33,0,3.921,3.921,11739.49,-0.9916816,0.0
2024-07-26,0,SELL_FAILED,540.955,0,3.921,3.921,11858.36,-0.88448244,19.0
2024-07-26,1,HOLD,95.879,0,3.921,3.921,11858.36,0.037672132,16.0
2024-07-26,2,SELL_FAILED,21.113,0,3.921,3.921,11858.36,-0.98990834,2.0
2024-07-26,3,SELL_FAILED,220.63,0,3.921,3.921,11858.36,-0.9916952,0.0
2024-07-29,0,SELL_FAILED,541.272,0,3.921,3.921,11866.69,-0.8840946,19.0
2024-07-29,1,HOLD,96.035,0,3.921,3.921,11866.69,0.03749375,16.0
2024-07-29,2,SELL_FAILED,21.018,0,3.921,3.921,11866.69,-0.989926,2.0
2024-07-29,3,SELL_FAILED,220.32,0,3.921,3.921,11866.69,-0.9916748,0.0
2024-07-30,0,SELL_FAILED,538.53,0,3.921,3.921,11816.02,-0.8843138,19.0
2024-07-30,1,HOLD,96.133,0,3.921,3.921,11816.02,0.03886129,16.0
2024-07-30,2,SELL_FAILED,20.951,0,3.921,3.921,11816.02,-0.98989034,2.0
2024-07-30,3,SELL_FAILED,222.52,0,3.921,3.921,11816.02,-0.99170023,0.0
2024-07-31,0,SELL_FAILED,547.284,0,3.921,3.921,11991.59,-0.88433415,19.0
2024-07-31,1,HOLD,96.65,0,3.921,3.921,11991.59,0.037812002,16.0
2024-07-31,2,SELL_FAILED,21.436,0,3.921,3.921,11991.59,-0.9899096,2.0
2024-07-31,3,SELL_FAILED,226.55,0,3.921,3.921,11991.59,-0.9916901,0.0
2024-08-01,0,SELL_FAILED,539.534,0,3.921,3.921,11850.31,-0.8842852,19.0
2024-08-01,1,HOLD,97.055,0,3.921,3.921,11850.31,0.037551217,16.0
2024-08-01,2,SELL_FAILED,21.179,0,3.921,3.921,11850.31,-0.9899153,2.0
2024-08-01,3,SELL_FAILED,225.77,0,3.921,3.921,11850.31,-0.9916877,0.0
2024-08-02,0,SELL_FAILED,529.488,0,3.921,3.921,11676.01,-0.88415694,19.0
2024-08-02,1,HOLD,98.14,0,3.921,3.921,11676.01,0.037936103,16.0
2024-08-02,2,SELL_FAILED,20.79,0,3.921,3.921,11676.01,-0.98991585,2.0
2024-08-02,3,SELL_FAILED,225.34,0,3.921,3.921,11676.01,-0.99168074,0.0
2024-08-05,0,SELL_FAILED,514.068,0,3.921,3.921,11381.71,-0.8842908,19.0
2024-08-05,1,HOLD,98.062,0,3.921,3.921,11381.71,0.036713142,16.0
2024-08-05,2,SELL_FAILED,20.752,0,3.921,3.921,11381.71,-0.98993593,2.0
2024-08-05,3,SELL_FAILED,222.48,0,3.921,3.921,11381.71,-0.9916758,0.0
2024-08-06,0,SELL_FAILED,518.807,0,3.921,3.921,11462.02,-0.88441795,19.0
2024-08-06,1,HOLD,97.475,0,3.921,3.921,11462.02,0.03786176,16.0
2024-08-06,2,SELL_FAILED,20.581,0,3.921,3.921,11462.02,-0.98990387,2.0
2024-08-06,3,SELL_FAILED,220.7,0,3.921,3.921,11462.02,-0.99169624,0.0
